disease,urgency,Symptom_1,Symptom_2,Symptom_3,Symptom_4,Symptom_5,Symptom_6,Symptom_7,Symptom_8
Malaria,HIGH,headache,chills,fatigue,fever,high temperature,sweating,,
Malaria,HIGH,fever,chills,fatigue,headache,vomiting,,,
Malaria,HIGH,vomiting,sweating,fever,body ache,high temperature,fatigue,headache,
Malaria,HIGH,high temperature,sweating,body ache,fever,headache,vomiting,,
Malaria,HIGH,fever,high temperature,sweating,vomiting,fatigue,,,
Malaria,HIGH,chills,vomiting,fever,high temperature,headache,sweating,fatigue,body ache
Malaria,HIGH,fatigue,headache,chills,high temperature,fever,vomiting,body ache,
Malaria,HIGH,sweating,high temperature,vomiting,,,,,
Malaria,HIGH,chills,vomiting,sweating,fever,,,,
Malaria,HIGH,high temperature,sweating,vomiting,fatigue,body ache,chills,headache,fever
Malaria,HIGH,fever,body ache,high temperature,sweating,vomiting,fatigue,headache,chills
Malaria,HIGH,fever,vomiting,sweating,body ache,headache,fatigue,,
Malaria,HIGH,sweating,chills,fatigue,high temperature,vomiting,fever,headache,body ache
Malaria,HIGH,body ache,sweating,fatigue,vomiting,headache,fever,chills,
Malaria,HIGH,headache,chills,high temperature,sweating,fatigue,fever,vomiting,
Malaria,HIGH,chills,high temperature,vomiting,,,,,
Malaria,HIGH,body ache,headache,high temperature,,,,,
Malaria,HIGH,headache,body ache,high temperature,sweating,vomiting,fatigue,,
Malaria,HIGH,fatigue,chills,headache,high temperature,body ache,,,
Malaria,HIGH,headache,high temperature,fatigue,vomiting,chills,fever,sweating,body ache
Malaria,HIGH,chills,fever,fatigue,,,,,
Malaria,HIGH,fever,body ache,chills,fatigue,sweating,,,
Malaria,HIGH,headache,sweating,high temperature,body ache,,,,
Malaria,HIGH,vomiting,fever,chills,fatigue,sweating,body ache,,
Malaria,HIGH,chills,sweating,headache,vomiting,high temperature,fatigue,,
Malaria,HIGH,fatigue,chills,body ache,sweating,high temperature,vomiting,headache,fever
Malaria,HIGH,body ache,headache,chills,sweating,high temperature,,,
Malaria,HIGH,sweating,high temperature,vomiting,chills,body ache,,,
Malaria,HIGH,body ache,vomiting,high temperature,fever,sweating,chills,,
Malaria,HIGH,high temperature,body ache,vomiting,,,,,
Malaria,HIGH,vomiting,fatigue,headache,chills,sweating,body ache,fever,
Malaria,HIGH,high temperature,fever,vomiting,body ache,sweating,headache,,
Malaria,HIGH,sweating,fever,fatigue,body ache,chills,headache,vomiting,high temperature
Malaria,HIGH,high temperature,chills,body ache,,,,,
Malaria,HIGH,fever,high temperature,fatigue,vomiting,headache,,,
Malaria,HIGH,fatigue,headache,vomiting,,,,,
Malaria,HIGH,fever,vomiting,headache,sweating,,,,
Malaria,HIGH,sweating,vomiting,chills,body ache,,,,
Malaria,HIGH,chills,high temperature,fever,fatigue,sweating,body ache,vomiting,headache
Malaria,HIGH,chills,vomiting,body ache,fatigue,fever,,,
Malaria,HIGH,vomiting,fever,chills,body ache,sweating,high temperature,,
Malaria,HIGH,sweating,high temperature,headache,body ache,fatigue,,,
Malaria,HIGH,sweating,vomiting,chills,fatigue,body ache,high temperature,headache,
Malaria,HIGH,fatigue,chills,vomiting,headache,fever,sweating,,
Malaria,HIGH,fever,headache,chills,body ache,vomiting,fatigue,,
Malaria,HIGH,fatigue,body ache,high temperature,headache,fever,,,
Malaria,HIGH,fever,chills,fatigue,,,,,
Malaria,HIGH,sweating,vomiting,body ache,,,,,
Malaria,HIGH,chills,body ache,high temperature,vomiting,fever,headache,sweating,
Malaria,HIGH,chills,high temperature,fatigue,fever,headache,sweating,body ache,vomiting
Malaria,HIGH,vomiting,fatigue,chills,headache,sweating,fever,body ache,
Malaria,HIGH,fever,vomiting,high temperature,headache,,,,
Malaria,HIGH,fever,vomiting,headache,sweating,,,,
Malaria,HIGH,vomiting,headache,high temperature,sweating,,,,
Malaria,HIGH,vomiting,headache,fever,fatigue,sweating,high temperature,body ache,
Malaria,HIGH,sweating,body ache,vomiting,fatigue,high temperature,fever,chills,
Malaria,HIGH,fever,chills,body ache,vomiting,sweating,headache,fatigue,high temperature
Malaria,HIGH,vomiting,headache,high temperature,fever,,,,
Malaria,HIGH,sweating,headache,fever,high temperature,body ache,chills,fatigue,vomiting
Malaria,HIGH,chills,vomiting,fever,headache,,,,
Malaria,HIGH,fatigue,fever,chills,sweating,vomiting,body ache,high temperature,
Malaria,HIGH,high temperature,chills,fever,vomiting,headache,sweating,,
Malaria,HIGH,high temperature,vomiting,body ache,headache,fever,sweating,,
Malaria,HIGH,sweating,headache,fever,fatigue,vomiting,high temperature,,
Malaria,HIGH,high temperature,sweating,fatigue,,,,,
Malaria,HIGH,chills,sweating,vomiting,headache,,,,
Malaria,HIGH,fever,chills,headache,,,,,
Malaria,HIGH,headache,body ache,chills,fatigue,,,,
Malaria,HIGH,vomiting,sweating,chills,high temperature,headache,fatigue,fever,
Malaria,HIGH,fatigue,high temperature,chills,sweating,vomiting,fever,headache,
Malaria,HIGH,fever,high temperature,fatigue,sweating,body ache,chills,headache,vomiting
Malaria,HIGH,body ache,high temperature,sweating,headache,fatigue,,,
Malaria,HIGH,fever,vomiting,body ache,,,,,
Malaria,HIGH,chills,headache,body ache,,,,,
Malaria,HIGH,fatigue,body ache,vomiting,,,,,
Malaria,HIGH,body ache,fever,headache,fatigue,high temperature,sweating,vomiting,chills
Malaria,HIGH,fever,sweating,headache,body ache,,,,
Malaria,HIGH,sweating,fatigue,vomiting,high temperature,chills,,,
Malaria,HIGH,sweating,chills,body ache,fatigue,high temperature,,,
Malaria,HIGH,headache,high temperature,chills,fatigue,,,,
Typhoid,HIGH,headache,vomiting,diarrhea,abdominal pain,weakness,fever,loss of appetite,
Typhoid,HIGH,abdominal pain,loss of appetite,weakness,,,,,
Typhoid,HIGH,headache,diarrhea,weakness,loss of appetite,fever,vomiting,abdominal pain,
Typhoid,HIGH,diarrhea,weakness,abdominal pain,headache,vomiting,,,
Typhoid,HIGH,loss of appetite,diarrhea,vomiting,fever,weakness,headache,,
Typhoid,HIGH,headache,diarrhea,fever,,,,,
Typhoid,HIGH,abdominal pain,fever,loss of appetite,,,,,
Typhoid,HIGH,fever,headache,loss of appetite,diarrhea,,,,
Typhoid,HIGH,weakness,abdominal pain,vomiting,loss of appetite,diarrhea,headache,,
Typhoid,HIGH,diarrhea,loss of appetite,weakness,abdominal pain,vomiting,fever,headache,
Typhoid,HIGH,headache,diarrhea,fever,loss of appetite,abdominal pain,vomiting,weakness,
Typhoid,HIGH,diarrhea,abdominal pain,headache,loss of appetite,weakness,vomiting,,
Typhoid,HIGH,vomiting,fever,diarrhea,headache,abdominal pain,,,
Typhoid,HIGH,fever,abdominal pain,diarrhea,loss of appetite,headache,,,
Typhoid,HIGH,headache,vomiting,diarrhea,abdominal pain,fever,weakness,,
Typhoid,HIGH,headache,vomiting,weakness,abdominal pain,fever,diarrhea,loss of appetite,
Typhoid,HIGH,abdominal pain,vomiting,fever,,,,,
Typhoid,HIGH,loss of appetite,headache,fever,abdominal pain,diarrhea,vomiting,weakness,
Typhoid,HIGH,diarrhea,weakness,vomiting,headache,fever,,,
Typhoid,HIGH,abdominal pain,vomiting,loss of appetite,,,,,
Typhoid,HIGH,fever,vomiting,weakness,,,,,
Typhoid,HIGH,fever,abdominal pain,diarrhea,vomiting,loss of appetite,headache,,
Typhoid,HIGH,diarrhea,abdominal pain,fever,weakness,,,,
Typhoid,HIGH,headache,vomiting,loss of appetite,weakness,fever,diarrhea,,
Typhoid,HIGH,abdominal pain,diarrhea,headache,fever,vomiting,loss of appetite,,
Typhoid,HIGH,vomiting,weakness,fever,loss of appetite,abdominal pain,headache,diarrhea,
Typhoid,HIGH,weakness,loss of appetite,fever,,,,,
Typhoid,HIGH,weakness,vomiting,abdominal pain,,,,,
Typhoid,HIGH,loss of appetite,vomiting,abdominal pain,diarrhea,fever,,,
Typhoid,HIGH,vomiting,loss of appetite,abdominal pain,,,,,
Typhoid,HIGH,headache,abdominal pain,vomiting,,,,,
Typhoid,HIGH,headache,loss of appetite,fever,vomiting,weakness,abdominal pain,diarrhea,
Typhoid,HIGH,weakness,diarrhea,loss of appetite,fever,abdominal pain,vomiting,headache,
Typhoid,HIGH,weakness,headache,loss of appetite,,,,,
Typhoid,HIGH,vomiting,diarrhea,weakness,,,,,
Typhoid,HIGH,fever,loss of appetite,vomiting,weakness,,,,
Typhoid,HIGH,abdominal pain,fever,vomiting,,,,,
Typhoid,HIGH,abdominal pain,vomiting,loss of appetite,,,,,
Typhoid,HIGH,fever,abdominal pain,weakness,headache,loss of appetite,,,
Typhoid,HIGH,fever,vomiting,loss of appetite,weakness,,,,
Typhoid,HIGH,weakness,headache,abdominal pain,loss of appetite,vomiting,diarrhea,,
Typhoid,HIGH,loss of appetite,vomiting,headache,diarrhea,,,,
Typhoid,HIGH,abdominal pain,vomiting,diarrhea,,,,,
Typhoid,HIGH,vomiting,fever,loss of appetite,diarrhea,abdominal pain,weakness,headache,
Typhoid,HIGH,headache,diarrhea,fever,,,,,
Typhoid,HIGH,vomiting,loss of appetite,diarrhea,fever,headache,,,
Typhoid,HIGH,abdominal pain,fever,diarrhea,loss of appetite,headache,,,
Typhoid,HIGH,loss of appetite,abdominal pain,headache,vomiting,weakness,fever,diarrhea,
Typhoid,HIGH,weakness,loss of appetite,abdominal pain,vomiting,,,,
Typhoid,HIGH,headache,loss of appetite,diarrhea,weakness,,,,
Typhoid,HIGH,vomiting,headache,weakness,abdominal pain,,,,
Typhoid,HIGH,vomiting,abdominal pain,weakness,fever,,,,
Typhoid,HIGH,loss of appetite,headache,fever,weakness,diarrhea,,,
Typhoid,HIGH,headache,loss of appetite,fever,weakness,,,,
Typhoid,HIGH,vomiting,diarrhea,abdominal pain,weakness,fever,headache,loss of appetite,
Typhoid,HIGH,abdominal pain,headache,vomiting,weakness,,,,
Typhoid,HIGH,weakness,diarrhea,vomiting,,,,,
Typhoid,HIGH,loss of appetite,weakness,fever,abdominal pain,headache,diarrhea,,
Typhoid,HIGH,diarrhea,abdominal pain,loss of appetite,vomiting,weakness,,,
Typhoid,HIGH,loss of appetite,diarrhea,fever,headache,,,,
Typhoid,HIGH,abdominal pain,fever,loss of appetite,,,,,
Typhoid,HIGH,headache,weakness,loss of appetite,vomiting,fever,abdominal pain,,
Typhoid,HIGH,fever,weakness,abdominal pain,vomiting,headache,diarrhea,loss of appetite,
Typhoid,HIGH,weakness,loss of appetite,fever,,,,,
Typhoid,HIGH,diarrhea,vomiting,fever,loss of appetite,weakness,,,
Typhoid,HIGH,weakness,headache,fever,vomiting,,,,
Typhoid,HIGH,abdominal pain,diarrhea,vomiting,,,,,
Typhoid,HIGH,headache,fever,diarrhea,abdominal pain,weakness,,,
Typhoid,HIGH,abdominal pain,fever,diarrhea,loss of appetite,,,,
Typhoid,HIGH,headache,abdominal pain,vomiting,diarrhea,,,,
Typhoid,HIGH,loss of appetite,fever,weakness,headache,abdominal pain,,,
Typhoid,HIGH,abdominal pain,fever,weakness,headache,vomiting,loss of appetite,diarrhea,
Typhoid,HIGH,diarrhea,vomiting,weakness,abdominal pain,loss of appetite,,,
Typhoid,HIGH,loss of appetite,diarrhea,headache,vomiting,fever,abdominal pain,,
Typhoid,HIGH,fever,headache,loss of appetite,abdominal pain,diarrhea,,,
Typhoid,HIGH,abdominal pain,vomiting,headache,weakness,,,,
Typhoid,HIGH,weakness,loss of appetite,headache,fever,,,,
Typhoid,HIGH,weakness,headache,loss of appetite,,,,,
Typhoid,HIGH,fever,headache,loss of appetite,weakness,diarrhea,vomiting,abdominal pain,
Typhoid,HIGH,abdominal pain,diarrhea,headache,vomiting,,,,
Pneumonia,HIGH,chills,difficulty breathing,cough,chest pain,fatigue,,,
Pneumonia,HIGH,fever,chest pain,cough,,,,,
Pneumonia,HIGH,fever,difficulty breathing,cough,fatigue,chest pain,chills,,
Pneumonia,HIGH,chills,chest pain,fever,difficulty breathing,,,,
Pneumonia,HIGH,chest pain,difficulty breathing,cough,,,,,
Pneumonia,HIGH,difficulty breathing,fatigue,chest pain,cough,chills,,,
Pneumonia,HIGH,fatigue,cough,chest pain,fever,chills,,,
Pneumonia,HIGH,cough,chills,chest pain,difficulty breathing,fever,,,
Pneumonia,HIGH,cough,fever,difficulty breathing,fatigue,chest pain,chills,,
Pneumonia,HIGH,chills,difficulty breathing,fever,cough,,,,
Pneumonia,HIGH,fatigue,chest pain,cough,chills,difficulty breathing,fever,,
Pneumonia,HIGH,fatigue,chills,difficulty breathing,,,,,
Pneumonia,HIGH,fever,fatigue,chest pain,,,,,
Pneumonia,HIGH,fever,chest pain,cough,,,,,
Pneumonia,HIGH,difficulty breathing,cough,fever,,,,,
Pneumonia,HIGH,chest pain,chills,fatigue,,,,,
Pneumonia,HIGH,fever,difficulty breathing,chest pain,chills,fatigue,,,
Pneumonia,HIGH,chills,fever,difficulty breathing,,,,,
Pneumonia,HIGH,chills,fever,fatigue,difficulty breathing,chest pain,cough,,
Pneumonia,HIGH,fever,cough,fatigue,chills,difficulty breathing,,,
Pneumonia,HIGH,chest pain,cough,fatigue,fever,chills,difficulty breathing,,
Pneumonia,HIGH,difficulty breathing,fatigue,chills,chest pain,,,,
Pneumonia,HIGH,chills,chest pain,fever,,,,,
Pneumonia,HIGH,fatigue,difficulty breathing,chills,cough,,,,
Pneumonia,HIGH,chills,difficulty breathing,chest pain,,,,,
Pneumonia,HIGH,fever,chest pain,chills,difficulty breathing,cough,fatigue,,
Pneumonia,HIGH,cough,chest pain,fever,,,,,
Pneumonia,HIGH,chest pain,difficulty breathing,fever,cough,fatigue,chills,,
Pneumonia,HIGH,chills,fever,fatigue,cough,,,,
Pneumonia,HIGH,difficulty breathing,fever,cough,fatigue,chills,,,
Pneumonia,HIGH,fever,chest pain,cough,fatigue,,,,
Pneumonia,HIGH,cough,fever,chills,,,,,
Pneumonia,HIGH,fatigue,chest pain,chills,difficulty breathing,,,,
Pneumonia,HIGH,chills,difficulty breathing,cough,fever,fatigue,chest pain,,
Pneumonia,HIGH,fever,chest pain,cough,fatigue,chills,,,
Pneumonia,HIGH,chest pain,chills,fever,difficulty breathing,,,,
Pneumonia,HIGH,cough,fatigue,chills,fever,difficulty breathing,chest pain,,
Pneumonia,HIGH,fatigue,chest pain,cough,fever,difficulty breathing,chills,,
Pneumonia,HIGH,fever,cough,fatigue,,,,,
Pneumonia,HIGH,chest pain,chills,cough,,,,,
Pneumonia,HIGH,difficulty breathing,cough,chills,chest pain,fever,fatigue,,
Pneumonia,HIGH,chills,cough,chest pain,difficulty breathing,fever,,,
Pneumonia,HIGH,chest pain,chills,cough,fatigue,,,,
Pneumonia,HIGH,difficulty breathing,fever,fatigue,chest pain,,,,
Pneumonia,HIGH,difficulty breathing,chills,cough,fatigue,chest pain,,,
Pneumonia,HIGH,fever,fatigue,chills,chest pain,,,,
Pneumonia,HIGH,fatigue,difficulty breathing,fever,chills,,,,
Pneumonia,HIGH,cough,fatigue,fever,,,,,
Pneumonia,HIGH,chills,fever,cough,,,,,
Pneumonia,HIGH,difficulty breathing,fever,cough,chills,,,,
Pneumonia,HIGH,fever,difficulty breathing,chest pain,chills,,,,
Pneumonia,HIGH,fever,difficulty breathing,cough,chills,chest pain,fatigue,,
Pneumonia,HIGH,cough,fatigue,chest pain,,,,,
Pneumonia,HIGH,fever,chills,chest pain,,,,,
Pneumonia,HIGH,cough,difficulty breathing,chills,,,,,
Pneumonia,HIGH,fatigue,cough,difficulty breathing,chills,,,,
Pneumonia,HIGH,chills,cough,chest pain,difficulty breathing,fever,,,
Pneumonia,HIGH,chest pain,fatigue,cough,,,,,
Pneumonia,HIGH,cough,fatigue,fever,chills,chest pain,,,
Pneumonia,HIGH,difficulty breathing,chest pain,cough,fever,,,,
Pneumonia,HIGH,chest pain,cough,chills,fatigue,difficulty breathing,fever,,
Pneumonia,HIGH,fever,cough,chest pain,chills,,,,
Pneumonia,HIGH,difficulty breathing,chills,fever,cough,,,,
Pneumonia,HIGH,fever,chest pain,difficulty breathing,,,,,
Pneumonia,HIGH,fever,chills,chest pain,fatigue,,,,
Pneumonia,HIGH,cough,fatigue,chills,chest pain,difficulty breathing,fever,,
Pneumonia,HIGH,chest pain,cough,chills,fever,fatigue,difficulty breathing,,
Pneumonia,HIGH,fever,difficulty breathing,chills,,,,,
Pneumonia,HIGH,chest pain,cough,fatigue,,,,,
Pneumonia,HIGH,difficulty breathing,fever,chills,,,,,
Pneumonia,HIGH,chills,fatigue,fever,cough,chest pain,,,
Pneumonia,HIGH,fever,fatigue,chills,difficulty breathing,cough,,,
Pneumonia,HIGH,chills,fever,cough,difficulty breathing,,,,
Pneumonia,HIGH,fever,chills,cough,fatigue,difficulty breathing,chest pain,,
Pneumonia,HIGH,cough,chest pain,fatigue,difficulty breathing,fever,,,
Pneumonia,HIGH,fatigue,fever,difficulty breathing,chills,cough,,,
Pneumonia,HIGH,difficulty breathing,fatigue,chest pain,cough,chills,,,
Pneumonia,HIGH,cough,fatigue,fever,,,,,
Pneumonia,HIGH,difficulty breathing,fatigue,chest pain,chills,fever,,,
Pneumonia,HIGH,difficulty breathing,chills,fatigue,,,,,
Meningitis,HIGH,stiff neck,blurred vision,vomiting,headache,fever,dizziness,,
Meningitis,HIGH,fever,vomiting,stiff neck,blurred vision,,,,
Meningitis,HIGH,stiff neck,vomiting,fever,blurred vision,,,,
Meningitis,HIGH,headache,vomiting,fever,,,,,
Meningitis,HIGH,blurred vision,fever,dizziness,headache,vomiting,stiff neck,,
Meningitis,HIGH,headache,fever,blurred vision,dizziness,,,,
Meningitis,HIGH,stiff neck,dizziness,vomiting,,,,,
Meningitis,HIGH,dizziness,headache,vomiting,stiff neck,blurred vision,fever,,
Meningitis,HIGH,vomiting,fever,headache,blurred vision,,,,
Meningitis,HIGH,vomiting,stiff neck,fever,,,,,
Meningitis,HIGH,blurred vision,vomiting,stiff neck,fever,headache,dizziness,,
Meningitis,HIGH,fever,blurred vision,stiff neck,,,,,
Meningitis,HIGH,vomiting,dizziness,fever,stiff neck,,,,
Meningitis,HIGH,vomiting,headache,blurred vision,dizziness,stiff neck,,,
Meningitis,HIGH,dizziness,vomiting,fever,stiff neck,,,,
Meningitis,HIGH,vomiting,blurred vision,fever,headache,dizziness,,,
Meningitis,HIGH,stiff neck,vomiting,blurred vision,,,,,
Meningitis,HIGH,dizziness,fever,blurred vision,vomiting,,,,
Meningitis,HIGH,headache,vomiting,fever,,,,,
Meningitis,HIGH,fever,blurred vision,dizziness,vomiting,,,,
Meningitis,HIGH,vomiting,fever,dizziness,headache,stiff neck,blurred vision,,
Meningitis,HIGH,dizziness,vomiting,blurred vision,headache,stiff neck,fever,,
Meningitis,HIGH,stiff neck,blurred vision,dizziness,vomiting,fever,,,
Meningitis,HIGH,stiff neck,dizziness,fever,vomiting,blurred vision,headache,,
Meningitis,HIGH,headache,fever,stiff neck,dizziness,,,,
Meningitis,HIGH,headache,vomiting,dizziness,,,,,
Meningitis,HIGH,stiff neck,vomiting,dizziness,fever,,,,
Meningitis,HIGH,dizziness,blurred vision,vomiting,stiff neck,headache,fever,,
Meningitis,HIGH,fever,blurred vision,dizziness,stiff neck,,,,
Meningitis,HIGH,fever,vomiting,dizziness,headache,blurred vision,stiff neck,,
Meningitis,HIGH,stiff neck,dizziness,blurred vision,,,,,
Meningitis,HIGH,dizziness,vomiting,fever,stiff neck,headache,blurred vision,,
Meningitis,HIGH,blurred vision,stiff neck,headache,vomiting,dizziness,,,
Meningitis,HIGH,headache,stiff neck,blurred vision,dizziness,,,,
Meningitis,HIGH,headache,blurred vision,stiff neck,,,,,
Meningitis,HIGH,vomiting,fever,headache,blurred vision,dizziness,,,
Meningitis,HIGH,dizziness,stiff neck,fever,vomiting,headache,blurred vision,,
Meningitis,HIGH,headache,blurred vision,dizziness,vomiting,,,,
Meningitis,HIGH,dizziness,headache,fever,stiff neck,blurred vision,vomiting,,
Meningitis,HIGH,stiff neck,blurred vision,headache,dizziness,fever,vomiting,,
Meningitis,HIGH,headache,blurred vision,dizziness,,,,,
Meningitis,HIGH,stiff neck,blurred vision,vomiting,dizziness,,,,
Meningitis,HIGH,fever,stiff neck,headache,dizziness,vomiting,blurred vision,,
Meningitis,HIGH,fever,dizziness,stiff neck,headache,vomiting,blurred vision,,
Meningitis,HIGH,vomiting,stiff neck,fever,,,,,
Meningitis,HIGH,blurred vision,headache,vomiting,stiff neck,,,,
Meningitis,HIGH,vomiting,fever,headache,,,,,
Meningitis,HIGH,blurred vision,stiff neck,headache,dizziness,vomiting,fever,,
Meningitis,HIGH,fever,headache,dizziness,blurred vision,vomiting,,,
Meningitis,HIGH,dizziness,stiff neck,fever,vomiting,headache,,,
Meningitis,HIGH,vomiting,fever,stiff neck,,,,,
Meningitis,HIGH,vomiting,blurred vision,headache,stiff neck,fever,dizziness,,
Meningitis,HIGH,dizziness,blurred vision,headache,,,,,
Meningitis,HIGH,blurred vision,dizziness,stiff neck,fever,vomiting,headache,,
Meningitis,HIGH,stiff neck,dizziness,vomiting,,,,,
Meningitis,HIGH,dizziness,fever,stiff neck,vomiting,blurred vision,,,
Meningitis,HIGH,blurred vision,stiff neck,dizziness,vomiting,headache,fever,,
Meningitis,HIGH,headache,vomiting,blurred vision,,,,,
Meningitis,HIGH,dizziness,blurred vision,fever,headache,vomiting,stiff neck,,
Meningitis,HIGH,stiff neck,dizziness,headache,,,,,
Meningitis,HIGH,dizziness,headache,vomiting,,,,,
Meningitis,HIGH,fever,blurred vision,vomiting,stiff neck,,,,
Meningitis,HIGH,blurred vision,fever,headache,vomiting,stiff neck,dizziness,,
Meningitis,HIGH,headache,fever,blurred vision,vomiting,dizziness,,,
Meningitis,HIGH,headache,fever,stiff neck,blurred vision,vomiting,dizziness,,
Meningitis,HIGH,headache,blurred vision,dizziness,stiff neck,vomiting,fever,,
Meningitis,HIGH,vomiting,headache,dizziness,,,,,
Meningitis,HIGH,stiff neck,vomiting,headache,blurred vision,dizziness,fever,,
Meningitis,HIGH,stiff neck,vomiting,blurred vision,headache,,,,
Meningitis,HIGH,fever,blurred vision,headache,dizziness,stiff neck,,,
Meningitis,HIGH,vomiting,dizziness,blurred vision,fever,stiff neck,,,
Meningitis,HIGH,dizziness,headache,blurred vision,vomiting,fever,,,
Meningitis,HIGH,fever,stiff neck,dizziness,blurred vision,,,,
Meningitis,HIGH,headache,stiff neck,dizziness,blurred vision,fever,vomiting,,
Meningitis,HIGH,headache,dizziness,blurred vision,fever,vomiting,,,
Meningitis,HIGH,fever,blurred vision,stiff neck,headache,,,,
Meningitis,HIGH,stiff neck,blurred vision,vomiting,,,,,
Meningitis,HIGH,fever,vomiting,stiff neck,headache,dizziness,blurred vision,,
Meningitis,HIGH,stiff neck,dizziness,blurred vision,fever,vomiting,headache,,
Meningitis,HIGH,fever,headache,stiff neck,vomiting,blurred vision,,,
Hepatitis B,HIGH,loss of appetite,yellow eyes,fever,abdominal pain,fatigue,,,
Hepatitis B,HIGH,nausea,fatigue,loss of appetite,,,,,
Hepatitis B,HIGH,abdominal pain,fever,yellow eyes,,,,,
Hepatitis B,HIGH,abdominal pain,yellow eyes,fatigue,loss of appetite,fever,nausea,,
Hepatitis B,HIGH,abdominal pain,loss of appetite,fever,fatigue,nausea,,,
Hepatitis B,HIGH,yellow eyes,fever,loss of appetite,abdominal pain,fatigue,nausea,,
Hepatitis B,HIGH,yellow eyes,nausea,fever,loss of appetite,,,,
Hepatitis B,HIGH,fever,loss of appetite,fatigue,,,,,
Hepatitis B,HIGH,loss of appetite,fever,nausea,,,,,
Hepatitis B,HIGH,loss of appetite,fever,yellow eyes,abdominal pain,,,,
Hepatitis B,HIGH,fever,abdominal pain,nausea,fatigue,,,,
Hepatitis B,HIGH,abdominal pain,loss of appetite,fatigue,,,,,
Hepatitis B,HIGH,loss of appetite,fatigue,nausea,fever,,,,
Hepatitis B,HIGH,fatigue,nausea,fever,yellow eyes,,,,
Hepatitis B,HIGH,fatigue,loss of appetite,abdominal pain,yellow eyes,fever,nausea,,
Hepatitis B,HIGH,yellow eyes,nausea,loss of appetite,fever,fatigue,,,
Hepatitis B,HIGH,abdominal pain,yellow eyes,nausea,fever,loss of appetite,fatigue,,
Hepatitis B,HIGH,yellow eyes,fatigue,abdominal pain,,,,,
Hepatitis B,HIGH,fatigue,abdominal pain,fever,,,,,
Hepatitis B,HIGH,fatigue,abdominal pain,fever,,,,,
Hepatitis B,HIGH,yellow eyes,fatigue,loss of appetite,abdominal pain,fever,nausea,,
Hepatitis B,HIGH,yellow eyes,fever,fatigue,nausea,loss of appetite,abdominal pain,,
Hepatitis B,HIGH,abdominal pain,fever,fatigue,nausea,,,,
Hepatitis B,HIGH,fatigue,nausea,fever,,,,,
Hepatitis B,HIGH,fever,loss of appetite,nausea,,,,,
Hepatitis B,HIGH,yellow eyes,nausea,fever,,,,,
Hepatitis B,HIGH,fever,nausea,abdominal pain,,,,,
Hepatitis B,HIGH,yellow eyes,nausea,loss of appetite,fever,fatigue,abdominal pain,,
Hepatitis B,HIGH,yellow eyes,abdominal pain,fatigue,nausea,loss of appetite,,,
Hepatitis B,HIGH,nausea,fever,abdominal pain,yellow eyes,loss of appetite,fatigue,,
Hepatitis B,HIGH,nausea,yellow eyes,fatigue,,,,,
Hepatitis B,HIGH,fever,nausea,loss of appetite,abdominal pain,,,,
Hepatitis B,HIGH,loss of appetite,nausea,abdominal pain,fever,,,,
Hepatitis B,HIGH,loss of appetite,fatigue,yellow eyes,,,,,
Hepatitis B,HIGH,loss of appetite,fatigue,nausea,abdominal pain,fever,yellow eyes,,
Hepatitis B,HIGH,nausea,abdominal pain,fatigue,yellow eyes,,,,
Hepatitis B,HIGH,abdominal pain,yellow eyes,loss of appetite,nausea,fever,fatigue,,
Hepatitis B,HIGH,fatigue,abdominal pain,nausea,,,,,
Hepatitis B,HIGH,nausea,fever,fatigue,,,,,
Hepatitis B,HIGH,yellow eyes,loss of appetite,abdominal pain,fatigue,,,,
Hepatitis B,HIGH,fever,nausea,abdominal pain,yellow eyes,,,,
Hepatitis B,HIGH,loss of appetite,fever,fatigue,,,,,
Hepatitis B,HIGH,nausea,fatigue,fever,abdominal pain,loss of appetite,,,
Hepatitis B,HIGH,fatigue,fever,yellow eyes,nausea,,,,
Hepatitis B,HIGH,loss of appetite,nausea,fatigue,,,,,
Hepatitis B,HIGH,fever,yellow eyes,nausea,loss of appetite,fatigue,,,
Hepatitis B,HIGH,yellow eyes,abdominal pain,fever,nausea,fatigue,,,
Hepatitis B,HIGH,abdominal pain,nausea,yellow eyes,fatigue,fever,loss of appetite,,
Hepatitis B,HIGH,fever,yellow eyes,nausea,,,,,
Hepatitis B,HIGH,loss of appetite,yellow eyes,abdominal pain,nausea,fatigue,fever,,
Hepatitis B,HIGH,fatigue,yellow eyes,nausea,,,,,
Hepatitis B,HIGH,fatigue,fever,loss of appetite,abdominal pain,nausea,yellow eyes,,
Hepatitis B,HIGH,yellow eyes,nausea,abdominal pain,fatigue,fever,loss of appetite,,
Hepatitis B,HIGH,abdominal pain,fatigue,yellow eyes,fever,,,,
Hepatitis B,HIGH,yellow eyes,fatigue,nausea,fever,,,,
Hepatitis B,HIGH,yellow eyes,abdominal pain,loss of appetite,fever,nausea,fatigue,,
Hepatitis B,HIGH,abdominal pain,fever,yellow eyes,,,,,
Hepatitis B,HIGH,loss of appetite,fever,yellow eyes,abdominal pain,fatigue,,,
Hepatitis B,HIGH,nausea,abdominal pain,loss of appetite,fever,fatigue,,,
Hepatitis B,HIGH,yellow eyes,loss of appetite,abdominal pain,fatigue,fever,nausea,,
Hepatitis B,HIGH,fever,yellow eyes,abdominal pain,,,,,
Hepatitis B,HIGH,abdominal pain,nausea,yellow eyes,,,,,
Hepatitis B,HIGH,abdominal pain,loss of appetite,nausea,,,,,
Hepatitis B,HIGH,nausea,loss of appetite,fever,abdominal pain,fatigue,yellow eyes,,
Hepatitis B,HIGH,yellow eyes,fatigue,fever,loss of appetite,,,,
Hepatitis B,HIGH,loss of appetite,yellow eyes,fever,,,,,
Hepatitis B,HIGH,fever,nausea,yellow eyes,abdominal pain,loss of appetite,,,
Hepatitis B,HIGH,fever,nausea,loss of appetite,abdominal pain,yellow eyes,fatigue,,
Hepatitis B,HIGH,yellow eyes,fatigue,fever,nausea,,,,
Hepatitis B,HIGH,nausea,abdominal pain,loss of appetite,fever,yellow eyes,,,
Hepatitis B,HIGH,nausea,loss of appetite,abdominal pain,,,,,
Hepatitis B,HIGH,loss of appetite,yellow eyes,nausea,,,,,
Hepatitis B,HIGH,loss of appetite,fatigue,nausea,abdominal pain,fever,,,
Hepatitis B,HIGH,yellow eyes,loss of appetite,fatigue,nausea,abdominal pain,fever,,
Hepatitis B,HIGH,fatigue,abdominal pain,yellow eyes,fever,,,,
Hepatitis B,HIGH,fatigue,fever,loss of appetite,nausea,yellow eyes,abdominal pain,,
Hepatitis B,HIGH,abdominal pain,fatigue,loss of appetite,fever,,,,
Hepatitis B,HIGH,yellow eyes,fatigue,abdominal pain,fever,,,,
Hepatitis B,HIGH,yellow eyes,nausea,loss of appetite,,,,,
Hepatitis B,HIGH,yellow eyes,loss of appetite,nausea,,,,,
Hypoglycemia,HIGH,fatigue,weakness,dizziness,headache,sweating,,,
Hypoglycemia,HIGH,dizziness,weakness,sweating,headache,,,,
Hypoglycemia,HIGH,sweating,weakness,fatigue,dizziness,,,,
Hypoglycemia,HIGH,weakness,fatigue,blurred vision,headache,sweating,,,
Hypoglycemia,HIGH,headache,sweating,weakness,fatigue,dizziness,,,
Hypoglycemia,HIGH,fatigue,dizziness,sweating,weakness,,,,
Hypoglycemia,HIGH,weakness,fatigue,sweating,headache,dizziness,blurred vision,,
Hypoglycemia,HIGH,dizziness,headache,weakness,blurred vision,sweating,fatigue,,
Hypoglycemia,HIGH,weakness,dizziness,fatigue,,,,,
Hypoglycemia,HIGH,fatigue,headache,sweating,weakness,,,,
Hypoglycemia,HIGH,blurred vision,fatigue,weakness,sweating,,,,
Hypoglycemia,HIGH,blurred vision,fatigue,sweating,,,,,
Hypoglycemia,HIGH,fatigue,dizziness,headache,weakness,,,,
Hypoglycemia,HIGH,headache,fatigue,sweating,dizziness,,,,
Hypoglycemia,HIGH,weakness,fatigue,blurred vision,headache,sweating,,,
Hypoglycemia,HIGH,dizziness,weakness,blurred vision,headache,sweating,,,
Hypoglycemia,HIGH,sweating,fatigue,headache,weakness,dizziness,,,
Hypoglycemia,HIGH,dizziness,blurred vision,headache,fatigue,,,,
Hypoglycemia,HIGH,weakness,blurred vision,headache,dizziness,fatigue,sweating,,
Hypoglycemia,HIGH,headache,sweating,weakness,,,,,
Hypoglycemia,HIGH,sweating,dizziness,weakness,,,,,
Hypoglycemia,HIGH,weakness,sweating,blurred vision,,,,,
Hypoglycemia,HIGH,fatigue,weakness,dizziness,blurred vision,sweating,headache,,
Hypoglycemia,HIGH,sweating,weakness,dizziness,fatigue,blurred vision,headache,,
Hypoglycemia,HIGH,fatigue,headache,weakness,dizziness,,,,
Hypoglycemia,HIGH,dizziness,fatigue,blurred vision,sweating,weakness,headache,,
Hypoglycemia,HIGH,blurred vision,sweating,headache,dizziness,fatigue,,,
Hypoglycemia,HIGH,fatigue,blurred vision,weakness,headache,,,,
Hypoglycemia,HIGH,sweating,blurred vision,headache,,,,,
Hypoglycemia,HIGH,fatigue,sweating,dizziness,,,,,
Hypoglycemia,HIGH,blurred vision,sweating,fatigue,weakness,headache,dizziness,,
Hypoglycemia,HIGH,fatigue,headache,dizziness,weakness,sweating,blurred vision,,
Hypoglycemia,HIGH,sweating,dizziness,blurred vision,weakness,headache,,,
Hypoglycemia,HIGH,weakness,blurred vision,sweating,dizziness,headache,fatigue,,
Hypoglycemia,HIGH,blurred vision,headache,fatigue,dizziness,,,,
Hypoglycemia,HIGH,dizziness,blurred vision,fatigue,weakness,sweating,,,
Hypoglycemia,HIGH,weakness,sweating,blurred vision,fatigue,dizziness,,,
Hypoglycemia,HIGH,weakness,blurred vision,sweating,dizziness,,,,
Hypoglycemia,HIGH,fatigue,sweating,headache,,,,,
Hypoglycemia,HIGH,sweating,dizziness,weakness,fatigue,blurred vision,,,
Hypoglycemia,HIGH,dizziness,weakness,headache,sweating,,,,
Hypoglycemia,HIGH,weakness,sweating,fatigue,blurred vision,headache,,,
Hypoglycemia,HIGH,fatigue,weakness,blurred vision,dizziness,,,,
Hypoglycemia,HIGH,weakness,sweating,blurred vision,headache,fatigue,dizziness,,
Hypoglycemia,HIGH,fatigue,weakness,blurred vision,sweating,dizziness,headache,,
Hypoglycemia,HIGH,sweating,dizziness,weakness,fatigue,headache,blurred vision,,
Hypoglycemia,HIGH,blurred vision,sweating,headache,fatigue,,,,
Hypoglycemia,HIGH,sweating,fatigue,blurred vision,dizziness,weakness,,,
Hypoglycemia,HIGH,sweating,fatigue,blurred vision,,,,,
Hypoglycemia,HIGH,sweating,headache,dizziness,,,,,
Hypoglycemia,HIGH,dizziness,blurred vision,fatigue,weakness,sweating,headache,,
Hypoglycemia,HIGH,dizziness,sweating,fatigue,headache,weakness,,,
Hypoglycemia,HIGH,fatigue,headache,blurred vision,dizziness,sweating,,,
Hypoglycemia,HIGH,headache,fatigue,weakness,dizziness,,,,
Hypoglycemia,HIGH,headache,blurred vision,weakness,sweating,fatigue,dizziness,,
Hypoglycemia,HIGH,weakness,fatigue,headache,sweating,blurred vision,,,
Hypoglycemia,HIGH,blurred vision,fatigue,headache,,,,,
Hypoglycemia,HIGH,dizziness,fatigue,weakness,blurred vision,,,,
Hypoglycemia,HIGH,blurred vision,sweating,weakness,dizziness,,,,
Hypoglycemia,HIGH,fatigue,dizziness,headache,weakness,sweating,blurred vision,,
Hypoglycemia,HIGH,blurred vision,fatigue,weakness,,,,,
Hypoglycemia,HIGH,headache,weakness,blurred vision,fatigue,dizziness,sweating,,
Hypoglycemia,HIGH,dizziness,sweating,weakness,fatigue,,,,
Hypoglycemia,HIGH,fatigue,dizziness,blurred vision,,,,,
Hypoglycemia,HIGH,headache,sweating,weakness,fatigue,blurred vision,,,
Hypoglycemia,HIGH,dizziness,weakness,blurred vision,,,,,
Hypoglycemia,HIGH,dizziness,headache,sweating,fatigue,,,,
Hypoglycemia,HIGH,weakness,sweating,headache,fatigue,blurred vision,,,
Hypoglycemia,HIGH,dizziness,sweating,blurred vision,weakness,,,,
Hypoglycemia,HIGH,fatigue,headache,sweating,dizziness,blurred vision,,,
Hypoglycemia,HIGH,sweating,fatigue,weakness,,,,,
Hypoglycemia,HIGH,dizziness,blurred vision,fatigue,sweating,,,,
Hypoglycemia,HIGH,fatigue,blurred vision,sweating,weakness,headache,,,
Hypoglycemia,HIGH,sweating,headache,weakness,fatigue,blurred vision,dizziness,,
Hypoglycemia,HIGH,blurred vision,dizziness,fatigue,headache,sweating,weakness,,
Hypoglycemia,HIGH,blurred vision,dizziness,sweating,fatigue,,,,
Hypoglycemia,HIGH,fatigue,weakness,sweating,blurred vision,dizziness,headache,,
Hypoglycemia,HIGH,headache,weakness,fatigue,dizziness,,,,
Hypoglycemia,HIGH,blurred vision,fatigue,weakness,,,,,
Hypoglycemia,HIGH,blurred vision,headache,sweating,dizziness,weakness,,,
Hypertension,MEDIUM,headache,chest pain,dizziness,blurred vision,fatigue,,,
Hypertension,MEDIUM,fatigue,blurred vision,headache,dizziness,,,,
Hypertension,MEDIUM,headache,chest pain,blurred vision,,,,,
Hypertension,MEDIUM,dizziness,chest pain,headache,,,,,
Hypertension,MEDIUM,chest pain,fatigue,dizziness,headache,blurred vision,,,
Hypertension,MEDIUM,headache,blurred vision,fatigue,,,,,
Hypertension,MEDIUM,headache,fatigue,blurred vision,chest pain,,,,
Hypertension,MEDIUM,blurred vision,fatigue,dizziness,chest pain,headache,,,
Hypertension,MEDIUM,headache,chest pain,dizziness,blurred vision,,,,
Hypertension,MEDIUM,headache,dizziness,blurred vision,chest pain,,,,
Hypertension,MEDIUM,fatigue,headache,chest pain,,,,,
Hypertension,MEDIUM,fatigue,blurred vision,chest pain,dizziness,headache,,,
Hypertension,MEDIUM,dizziness,headache,fatigue,,,,,
Hypertension,MEDIUM,chest pain,fatigue,dizziness,blurred vision,headache,,,
Hypertension,MEDIUM,blurred vision,fatigue,chest pain,,,,,
Hypertension,MEDIUM,dizziness,headache,fatigue,chest pain,blurred vision,,,
Hypertension,MEDIUM,chest pain,dizziness,blurred vision,headache,,,,
Hypertension,MEDIUM,dizziness,blurred vision,fatigue,headache,,,,
Hypertension,MEDIUM,blurred vision,chest pain,headache,dizziness,,,,
Hypertension,MEDIUM,blurred vision,dizziness,fatigue,,,,,
Hypertension,MEDIUM,fatigue,blurred vision,headache,chest pain,dizziness,,,
Hypertension,MEDIUM,chest pain,dizziness,fatigue,,,,,
Hypertension,MEDIUM,headache,chest pain,fatigue,,,,,
Hypertension,MEDIUM,blurred vision,fatigue,headache,chest pain,,,,
Hypertension,MEDIUM,chest pain,fatigue,headache,,,,,
Hypertension,MEDIUM,dizziness,chest pain,headache,fatigue,,,,
Hypertension,MEDIUM,fatigue,chest pain,dizziness,,,,,
Hypertension,MEDIUM,dizziness,headache,fatigue,chest pain,,,,
Hypertension,MEDIUM,chest pain,headache,fatigue,blurred vision,,,,
Hypertension,MEDIUM,blurred vision,chest pain,dizziness,fatigue,,,,
Hypertension,MEDIUM,headache,dizziness,chest pain,,,,,
Hypertension,MEDIUM,fatigue,blurred vision,headache,chest pain,,,,
Hypertension,MEDIUM,fatigue,dizziness,blurred vision,chest pain,,,,
Hypertension,MEDIUM,headache,fatigue,chest pain,blurred vision,dizziness,,,
Hypertension,MEDIUM,headache,chest pain,blurred vision,dizziness,fatigue,,,
Hypertension,MEDIUM,chest pain,blurred vision,dizziness,fatigue,,,,
Hypertension,MEDIUM,headache,dizziness,blurred vision,chest pain,,,,
Hypertension,MEDIUM,dizziness,fatigue,blurred vision,,,,,
Hypertension,MEDIUM,dizziness,chest pain,fatigue,,,,,
Hypertension,MEDIUM,blurred vision,fatigue,chest pain,,,,,
Hypertension,MEDIUM,dizziness,chest pain,blurred vision,,,,,
Hypertension,MEDIUM,fatigue,headache,chest pain,dizziness,,,,
Hypertension,MEDIUM,blurred vision,chest pain,dizziness,fatigue,headache,,,
Hypertension,MEDIUM,chest pain,blurred vision,fatigue,headache,,,,
Hypertension,MEDIUM,chest pain,blurred vision,headache,,,,,
Hypertension,MEDIUM,fatigue,headache,chest pain,blurred vision,,,,
Hypertension,MEDIUM,headache,dizziness,chest pain,fatigue,blurred vision,,,
Hypertension,MEDIUM,fatigue,headache,dizziness,chest pain,,,,
Hypertension,MEDIUM,dizziness,fatigue,chest pain,blurred vision,headache,,,
Hypertension,MEDIUM,chest pain,headache,fatigue,dizziness,,,,
Hypertension,MEDIUM,chest pain,headache,dizziness,,,,,
Hypertension,MEDIUM,fatigue,chest pain,dizziness,,,,,
Hypertension,MEDIUM,blurred vision,fatigue,dizziness,chest pain,,,,
Hypertension,MEDIUM,fatigue,dizziness,headache,blurred vision,,,,
Hypertension,MEDIUM,dizziness,fatigue,headache,chest pain,blurred vision,,,
Hypertension,MEDIUM,dizziness,blurred vision,headache,fatigue,,,,
Hypertension,MEDIUM,chest pain,fatigue,headache,dizziness,blurred vision,,,
Hypertension,MEDIUM,dizziness,headache,chest pain,,,,,
Hypertension,MEDIUM,headache,chest pain,blurred vision,fatigue,dizziness,,,
Hypertension,MEDIUM,dizziness,blurred vision,fatigue,headache,,,,
Hypertension,MEDIUM,fatigue,headache,dizziness,blurred vision,,,,
Hypertension,MEDIUM,dizziness,headache,chest pain,,,,,
Hypertension,MEDIUM,fatigue,dizziness,headache,blurred vision,,,,
Hypertension,MEDIUM,dizziness,blurred vision,fatigue,chest pain,headache,,,
Hypertension,MEDIUM,chest pain,blurred vision,headache,,,,,
Hypertension,MEDIUM,fatigue,headache,blurred vision,chest pain,,,,
Hypertension,MEDIUM,dizziness,blurred vision,chest pain,headache,fatigue,,,
Hypertension,MEDIUM,headache,chest pain,fatigue,,,,,
Hypertension,MEDIUM,blurred vision,dizziness,headache,chest pain,,,,
Hypertension,MEDIUM,fatigue,chest pain,dizziness,,,,,
Hypertension,MEDIUM,dizziness,fatigue,headache,blurred vision,,,,
Hypertension,MEDIUM,dizziness,chest pain,headache,fatigue,,,,
Hypertension,MEDIUM,headache,fatigue,dizziness,blurred vision,,,,
Hypertension,MEDIUM,headache,chest pain,dizziness,,,,,
Hypertension,MEDIUM,blurred vision,headache,dizziness,,,,,
Hypertension,MEDIUM,blurred vision,headache,chest pain,fatigue,dizziness,,,
Hypertension,MEDIUM,blurred vision,dizziness,chest pain,fatigue,headache,,,
Hypertension,MEDIUM,blurred vision,dizziness,headache,fatigue,chest pain,,,
Hypertension,MEDIUM,headache,blurred vision,chest pain,,,,,
Hypertension,MEDIUM,chest pain,dizziness,fatigue,blurred vision,headache,,,
Diabetes,MEDIUM,frequent urination,loss of appetite,weight loss,fatigue,weakness,,,
Diabetes,MEDIUM,fatigue,loss of appetite,weakness,weight loss,,,,
Diabetes,MEDIUM,fatigue,blurred vision,weight loss,frequent urination,,,,
Diabetes,MEDIUM,frequent urination,fatigue,loss of appetite,,,,,
Diabetes,MEDIUM,fatigue,loss of appetite,weakness,frequent urination,blurred vision,,,
Diabetes,MEDIUM,blurred vision,frequent urination,loss of appetite,weight loss,weakness,,,
Diabetes,MEDIUM,fatigue,frequent urination,weight loss,weakness,blurred vision,,,
Diabetes,MEDIUM,weight loss,weakness,blurred vision,frequent urination,fatigue,loss of appetite,,
Diabetes,MEDIUM,weakness,loss of appetite,frequent urination,fatigue,blurred vision,weight loss,,
Diabetes,MEDIUM,fatigue,loss of appetite,frequent urination,weakness,,,,
Diabetes,MEDIUM,fatigue,loss of appetite,frequent urination,weakness,,,,
Diabetes,MEDIUM,loss of appetite,weight loss,frequent urination,fatigue,weakness,blurred vision,,
Diabetes,MEDIUM,blurred vision,loss of appetite,frequent urination,,,,,
Diabetes,MEDIUM,loss of appetite,frequent urination,blurred vision,,,,,
Diabetes,MEDIUM,frequent urination,loss of appetite,weakness,fatigue,blurred vision,,,
Diabetes,MEDIUM,loss of appetite,weight loss,fatigue,frequent urination,weakness,blurred vision,,
Diabetes,MEDIUM,fatigue,frequent urination,blurred vision,,,,,
Diabetes,MEDIUM,loss of appetite,blurred vision,fatigue,weakness,weight loss,,,
Diabetes,MEDIUM,frequent urination,weakness,loss of appetite,weight loss,fatigue,,,
Diabetes,MEDIUM,fatigue,loss of appetite,weight loss,,,,,
Diabetes,MEDIUM,fatigue,weakness,blurred vision,,,,,
Diabetes,MEDIUM,loss of appetite,fatigue,weakness,blurred vision,,,,
Diabetes,MEDIUM,frequent urination,weight loss,blurred vision,fatigue,weakness,loss of appetite,,
Diabetes,MEDIUM,loss of appetite,frequent urination,weight loss,,,,,
Diabetes,MEDIUM,weakness,loss of appetite,weight loss,fatigue,blurred vision,frequent urination,,
Diabetes,MEDIUM,weight loss,blurred vision,fatigue,frequent urination,loss of appetite,,,
Diabetes,MEDIUM,loss of appetite,weight loss,frequent urination,,,,,
Diabetes,MEDIUM,frequent urination,fatigue,blurred vision,weakness,loss of appetite,,,
Diabetes,MEDIUM,weakness,blurred vision,frequent urination,fatigue,,,,
Diabetes,MEDIUM,weight loss,frequent urination,weakness,blurred vision,fatigue,loss of appetite,,
Diabetes,MEDIUM,fatigue,blurred vision,weakness,frequent urination,,,,
Diabetes,MEDIUM,frequent urination,fatigue,weight loss,weakness,blurred vision,,,
Diabetes,MEDIUM,blurred vision,weakness,fatigue,loss of appetite,frequent urination,weight loss,,
Diabetes,MEDIUM,frequent urination,fatigue,loss of appetite,weakness,,,,
Diabetes,MEDIUM,weakness,blurred vision,fatigue,weight loss,loss of appetite,,,
Diabetes,MEDIUM,fatigue,blurred vision,weakness,frequent urination,weight loss,,,
Diabetes,MEDIUM,fatigue,loss of appetite,weakness,,,,,
Diabetes,MEDIUM,loss of appetite,fatigue,blurred vision,weakness,frequent urination,,,
Diabetes,MEDIUM,weakness,weight loss,fatigue,loss of appetite,frequent urination,,,
Diabetes,MEDIUM,fatigue,frequent urination,weight loss,,,,,
Diabetes,MEDIUM,fatigue,blurred vision,weight loss,,,,,
Diabetes,MEDIUM,frequent urination,blurred vision,loss of appetite,weight loss,,,,
Diabetes,MEDIUM,fatigue,weight loss,weakness,blurred vision,,,,
Diabetes,MEDIUM,weight loss,blurred vision,loss of appetite,frequent urination,fatigue,,,
Diabetes,MEDIUM,frequent urination,blurred vision,loss of appetite,fatigue,,,,
Diabetes,MEDIUM,blurred vision,fatigue,frequent urination,weight loss,loss of appetite,,,
Diabetes,MEDIUM,weakness,frequent urination,fatigue,loss of appetite,,,,
Diabetes,MEDIUM,weakness,loss of appetite,blurred vision,,,,,
Diabetes,MEDIUM,weakness,weight loss,frequent urination,,,,,
Diabetes,MEDIUM,frequent urination,weight loss,fatigue,,,,,
Diabetes,MEDIUM,weight loss,weakness,blurred vision,,,,,
Diabetes,MEDIUM,weakness,blurred vision,loss of appetite,frequent urination,,,,
Diabetes,MEDIUM,fatigue,weakness,frequent urination,loss of appetite,weight loss,,,
Diabetes,MEDIUM,weakness,blurred vision,weight loss,fatigue,,,,
Diabetes,MEDIUM,blurred vision,weakness,frequent urination,fatigue,loss of appetite,,,
Diabetes,MEDIUM,loss of appetite,frequent urination,weight loss,blurred vision,weakness,,,
Diabetes,MEDIUM,weight loss,blurred vision,weakness,,,,,
Diabetes,MEDIUM,fatigue,weight loss,loss of appetite,frequent urination,weakness,,,
Diabetes,MEDIUM,weakness,frequent urination,weight loss,loss of appetite,fatigue,,,
Diabetes,MEDIUM,frequent urination,fatigue,blurred vision,loss of appetite,weight loss,weakness,,
Diabetes,MEDIUM,loss of appetite,fatigue,weight loss,blurred vision,frequent urination,weakness,,
Diabetes,MEDIUM,frequent urination,fatigue,loss of appetite,,,,,
Diabetes,MEDIUM,loss of appetite,weight loss,frequent urination,blurred vision,weakness,fatigue,,
Diabetes,MEDIUM,frequent urination,fatigue,weakness,weight loss,loss of appetite,,,
Diabetes,MEDIUM,blurred vision,weight loss,loss of appetite,weakness,fatigue,frequent urination,,
Diabetes,MEDIUM,blurred vision,loss of appetite,fatigue,frequent urination,weight loss,,,
Diabetes,MEDIUM,weakness,fatigue,weight loss,frequent urination,,,,
Diabetes,MEDIUM,weight loss,fatigue,frequent urination,weakness,,,,
Diabetes,MEDIUM,loss of appetite,weakness,frequent urination,weight loss,blurred vision,,,
Diabetes,MEDIUM,weakness,blurred vision,weight loss,loss of appetite,,,,
Diabetes,MEDIUM,weight loss,fatigue,loss of appetite,blurred vision,,,,
Diabetes,MEDIUM,loss of appetite,blurred vision,frequent urination,weight loss,weakness,fatigue,,
Diabetes,MEDIUM,loss of appetite,fatigue,frequent urination,,,,,
Diabetes,MEDIUM,fatigue,blurred vision,frequent urination,weight loss,weakness,loss of appetite,,
Diabetes,MEDIUM,blurred vision,weakness,loss of appetite,,,,,
Diabetes,MEDIUM,weight loss,frequent urination,weakness,fatigue,loss of appetite,,,
Diabetes,MEDIUM,loss of appetite,frequent urination,weakness,,,,,
Diabetes,MEDIUM,fatigue,weight loss,blurred vision,loss of appetite,frequent urination,,,
Diabetes,MEDIUM,frequent urination,fatigue,loss of appetite,weakness,weight loss,blurred vision,,
Diabetes,MEDIUM,weakness,weight loss,fatigue,,,,,
Gastroenteritis,MEDIUM,nausea,vomiting,weakness,diarrhea,fever,abdominal pain,,
Gastroenteritis,MEDIUM,abdominal pain,fever,vomiting,nausea,,,,
Gastroenteritis,MEDIUM,vomiting,abdominal pain,weakness,,,,,
Gastroenteritis,MEDIUM,vomiting,diarrhea,nausea,fever,abdominal pain,weakness,,
Gastroenteritis,MEDIUM,nausea,diarrhea,vomiting,weakness,,,,
Gastroenteritis,MEDIUM,weakness,vomiting,fever,diarrhea,,,,
Gastroenteritis,MEDIUM,abdominal pain,weakness,fever,nausea,vomiting,diarrhea,,
Gastroenteritis,MEDIUM,weakness,diarrhea,fever,nausea,vomiting,,,
Gastroenteritis,MEDIUM,fever,diarrhea,abdominal pain,weakness,nausea,,,
Gastroenteritis,MEDIUM,vomiting,fever,diarrhea,nausea,,,,
Gastroenteritis,MEDIUM,fever,nausea,vomiting,weakness,,,,
Gastroenteritis,MEDIUM,vomiting,diarrhea,weakness,fever,,,,
Gastroenteritis,MEDIUM,vomiting,diarrhea,weakness,nausea,abdominal pain,fever,,
Gastroenteritis,MEDIUM,vomiting,abdominal pain,weakness,diarrhea,fever,nausea,,
Gastroenteritis,MEDIUM,vomiting,nausea,diarrhea,,,,,
Gastroenteritis,MEDIUM,diarrhea,vomiting,nausea,abdominal pain,fever,,,
Gastroenteritis,MEDIUM,nausea,diarrhea,abdominal pain,vomiting,,,,
Gastroenteritis,MEDIUM,abdominal pain,diarrhea,fever,nausea,,,,
Gastroenteritis,MEDIUM,weakness,fever,abdominal pain,diarrhea,vomiting,nausea,,
Gastroenteritis,MEDIUM,weakness,nausea,vomiting,fever,,,,
Gastroenteritis,MEDIUM,vomiting,fever,nausea,weakness,,,,
Gastroenteritis,MEDIUM,abdominal pain,vomiting,diarrhea,,,,,
Gastroenteritis,MEDIUM,fever,vomiting,abdominal pain,nausea,weakness,diarrhea,,
Gastroenteritis,MEDIUM,weakness,abdominal pain,nausea,fever,vomiting,,,
Gastroenteritis,MEDIUM,diarrhea,vomiting,nausea,fever,abdominal pain,weakness,,
Gastroenteritis,MEDIUM,abdominal pain,diarrhea,vomiting,nausea,weakness,fever,,
Gastroenteritis,MEDIUM,diarrhea,fever,nausea,,,,,
Gastroenteritis,MEDIUM,diarrhea,abdominal pain,fever,,,,,
Gastroenteritis,MEDIUM,fever,nausea,abdominal pain,diarrhea,,,,
Gastroenteritis,MEDIUM,diarrhea,weakness,fever,nausea,abdominal pain,vomiting,,
Gastroenteritis,MEDIUM,nausea,fever,diarrhea,vomiting,abdominal pain,weakness,,
Gastroenteritis,MEDIUM,abdominal pain,nausea,vomiting,,,,,
Gastroenteritis,MEDIUM,vomiting,nausea,weakness,,,,,
Gastroenteritis,MEDIUM,fever,vomiting,nausea,,,,,
Gastroenteritis,MEDIUM,diarrhea,abdominal pain,fever,nausea,,,,
Gastroenteritis,MEDIUM,diarrhea,abdominal pain,fever,nausea,weakness,vomiting,,
Gastroenteritis,MEDIUM,vomiting,fever,abdominal pain,,,,,
Gastroenteritis,MEDIUM,diarrhea,weakness,fever,abdominal pain,nausea,vomiting,,
Gastroenteritis,MEDIUM,fever,diarrhea,nausea,abdominal pain,,,,
Gastroenteritis,MEDIUM,nausea,vomiting,fever,abdominal pain,weakness,diarrhea,,
Gastroenteritis,MEDIUM,diarrhea,abdominal pain,fever,,,,,
Gastroenteritis,MEDIUM,abdominal pain,nausea,fever,,,,,
Gastroenteritis,MEDIUM,vomiting,weakness,diarrhea,,,,,
Gastroenteritis,MEDIUM,fever,nausea,vomiting,weakness,diarrhea,,,
Gastroenteritis,MEDIUM,fever,diarrhea,weakness,abdominal pain,vomiting,nausea,,
Gastroenteritis,MEDIUM,vomiting,fever,weakness,abdominal pain,nausea,,,
Gastroenteritis,MEDIUM,weakness,nausea,abdominal pain,diarrhea,,,,
Gastroenteritis,MEDIUM,weakness,nausea,abdominal pain,diarrhea,fever,vomiting,,
Gastroenteritis,MEDIUM,fever,vomiting,weakness,,,,,
Gastroenteritis,MEDIUM,vomiting,nausea,abdominal pain,fever,weakness,,,
Gastroenteritis,MEDIUM,abdominal pain,weakness,nausea,diarrhea,vomiting,fever,,
Gastroenteritis,MEDIUM,fever,vomiting,weakness,abdominal pain,diarrhea,nausea,,
Gastroenteritis,MEDIUM,fever,vomiting,diarrhea,nausea,,,,
Gastroenteritis,MEDIUM,nausea,abdominal pain,weakness,vomiting,fever,,,
Gastroenteritis,MEDIUM,abdominal pain,nausea,weakness,fever,diarrhea,vomiting,,
Gastroenteritis,MEDIUM,vomiting,abdominal pain,fever,nausea,,,,
Gastroenteritis,MEDIUM,nausea,weakness,abdominal pain,,,,,
Gastroenteritis,MEDIUM,weakness,fever,diarrhea,vomiting,,,,
Gastroenteritis,MEDIUM,abdominal pain,vomiting,fever,nausea,diarrhea,weakness,,
Gastroenteritis,MEDIUM,weakness,vomiting,nausea,diarrhea,fever,,,
Gastroenteritis,MEDIUM,weakness,diarrhea,abdominal pain,nausea,,,,
Gastroenteritis,MEDIUM,nausea,abdominal pain,vomiting,diarrhea,,,,
Gastroenteritis,MEDIUM,fever,abdominal pain,vomiting,nausea,,,,
Gastroenteritis,MEDIUM,nausea,weakness,vomiting,fever,abdominal pain,,,
Gastroenteritis,MEDIUM,vomiting,abdominal pain,diarrhea,fever,nausea,weakness,,
Gastroenteritis,MEDIUM,diarrhea,abdominal pain,fever,,,,,
Gastroenteritis,MEDIUM,vomiting,diarrhea,abdominal pain,,,,,
Gastroenteritis,MEDIUM,diarrhea,fever,abdominal pain,weakness,vomiting,nausea,,
Gastroenteritis,MEDIUM,nausea,diarrhea,weakness,,,,,
Gastroenteritis,MEDIUM,vomiting,abdominal pain,nausea,diarrhea,,,,
Gastroenteritis,MEDIUM,weakness,fever,abdominal pain,vomiting,,,,
Gastroenteritis,MEDIUM,vomiting,diarrhea,weakness,abdominal pain,nausea,fever,,
Gastroenteritis,MEDIUM,nausea,vomiting,fever,weakness,diarrhea,abdominal pain,,
Gastroenteritis,MEDIUM,vomiting,diarrhea,weakness,nausea,abdominal pain,fever,,
Gastroenteritis,MEDIUM,nausea,abdominal pain,diarrhea,,,,,
Gastroenteritis,MEDIUM,diarrhea,abdominal pain,fever,weakness,vomiting,nausea,,
Gastroenteritis,MEDIUM,weakness,diarrhea,abdominal pain,,,,,
Gastroenteritis,MEDIUM,weakness,vomiting,abdominal pain,fever,diarrhea,nausea,,
Gastroenteritis,MEDIUM,abdominal pain,nausea,fever,weakness,diarrhea,vomiting,,
Gastroenteritis,MEDIUM,vomiting,nausea,diarrhea,weakness,abdominal pain,,,
Asthma,MEDIUM,difficulty breathing,cough,wheezing,chest pain,fatigue,,,
Asthma,MEDIUM,cough,chest pain,wheezing,,,,,
Asthma,MEDIUM,wheezing,chest pain,fatigue,,,,,
Asthma,MEDIUM,wheezing,chest pain,fatigue,,,,,
Asthma,MEDIUM,chest pain,wheezing,fatigue,difficulty breathing,,,,
Asthma,MEDIUM,chest pain,fatigue,cough,difficulty breathing,,,,
Asthma,MEDIUM,cough,chest pain,fatigue,,,,,
Asthma,MEDIUM,wheezing,cough,fatigue,,,,,
Asthma,MEDIUM,difficulty breathing,wheezing,cough,,,,,
Asthma,MEDIUM,fatigue,cough,chest pain,difficulty breathing,wheezing,,,
Asthma,MEDIUM,wheezing,difficulty breathing,chest pain,fatigue,,,,
Asthma,MEDIUM,chest pain,fatigue,cough,wheezing,difficulty breathing,,,
Asthma,MEDIUM,chest pain,fatigue,difficulty breathing,cough,wheezing,,,
Asthma,MEDIUM,cough,chest pain,fatigue,wheezing,difficulty breathing,,,
Asthma,MEDIUM,fatigue,difficulty breathing,cough,chest pain,wheezing,,,
Asthma,MEDIUM,fatigue,difficulty breathing,cough,,,,,
Asthma,MEDIUM,fatigue,wheezing,cough,chest pain,,,,
Asthma,MEDIUM,wheezing,cough,difficulty breathing,chest pain,,,,
Asthma,MEDIUM,wheezing,fatigue,difficulty breathing,chest pain,cough,,,
Asthma,MEDIUM,chest pain,difficulty breathing,wheezing,,,,,
Asthma,MEDIUM,chest pain,cough,difficulty breathing,,,,,
Asthma,MEDIUM,cough,chest pain,difficulty breathing,fatigue,wheezing,,,
Asthma,MEDIUM,fatigue,wheezing,cough,difficulty breathing,,,,
Asthma,MEDIUM,difficulty breathing,fatigue,cough,,,,,
Asthma,MEDIUM,wheezing,chest pain,difficulty breathing,cough,,,,
Asthma,MEDIUM,fatigue,cough,wheezing,difficulty breathing,chest pain,,,
Asthma,MEDIUM,difficulty breathing,fatigue,cough,,,,,
Asthma,MEDIUM,difficulty breathing,fatigue,cough,,,,,
Asthma,MEDIUM,chest pain,fatigue,cough,wheezing,difficulty breathing,,,
Asthma,MEDIUM,difficulty breathing,chest pain,wheezing,,,,,
Asthma,MEDIUM,chest pain,wheezing,difficulty breathing,cough,,,,
Asthma,MEDIUM,fatigue,wheezing,chest pain,cough,,,,
Asthma,MEDIUM,difficulty breathing,wheezing,fatigue,cough,chest pain,,,
Asthma,MEDIUM,fatigue,chest pain,difficulty breathing,wheezing,,,,
Asthma,MEDIUM,chest pain,difficulty breathing,fatigue,,,,,
Asthma,MEDIUM,fatigue,difficulty breathing,wheezing,cough,chest pain,,,
Asthma,MEDIUM,fatigue,difficulty breathing,cough,wheezing,,,,
Asthma,MEDIUM,wheezing,chest pain,cough,fatigue,difficulty breathing,,,
Asthma,MEDIUM,cough,wheezing,difficulty breathing,chest pain,,,,
Asthma,MEDIUM,wheezing,chest pain,cough,fatigue,difficulty breathing,,,
Asthma,MEDIUM,cough,difficulty breathing,wheezing,,,,,
Asthma,MEDIUM,fatigue,wheezing,difficulty breathing,chest pain,,,,
Asthma,MEDIUM,difficulty breathing,fatigue,chest pain,cough,wheezing,,,
Asthma,MEDIUM,chest pain,cough,difficulty breathing,fatigue,wheezing,,,
Asthma,MEDIUM,wheezing,cough,difficulty breathing,chest pain,,,,
Asthma,MEDIUM,difficulty breathing,cough,chest pain,,,,,
Asthma,MEDIUM,fatigue,chest pain,cough,,,,,
Asthma,MEDIUM,wheezing,chest pain,difficulty breathing,,,,,
Asthma,MEDIUM,fatigue,wheezing,chest pain,,,,,
Asthma,MEDIUM,fatigue,difficulty breathing,chest pain,cough,,,,
Asthma,MEDIUM,chest pain,cough,difficulty breathing,wheezing,fatigue,,,
Asthma,MEDIUM,difficulty breathing,wheezing,cough,chest pain,fatigue,,,
Asthma,MEDIUM,cough,chest pain,fatigue,,,,,
Asthma,MEDIUM,difficulty breathing,wheezing,chest pain,,,,,
Asthma,MEDIUM,fatigue,wheezing,chest pain,difficulty breathing,,,,
Asthma,MEDIUM,wheezing,cough,difficulty breathing,chest pain,,,,
Asthma,MEDIUM,chest pain,difficulty breathing,cough,fatigue,,,,
Asthma,MEDIUM,cough,fatigue,chest pain,wheezing,difficulty breathing,,,
Asthma,MEDIUM,fatigue,difficulty breathing,chest pain,wheezing,cough,,,
Asthma,MEDIUM,difficulty breathing,fatigue,chest pain,wheezing,,,,
Asthma,MEDIUM,chest pain,fatigue,difficulty breathing,cough,wheezing,,,
Asthma,MEDIUM,difficulty breathing,fatigue,wheezing,,,,,
Asthma,MEDIUM,cough,wheezing,chest pain,fatigue,difficulty breathing,,,
Asthma,MEDIUM,fatigue,wheezing,cough,difficulty breathing,chest pain,,,
Asthma,MEDIUM,fatigue,wheezing,cough,chest pain,difficulty breathing,,,
Asthma,MEDIUM,fatigue,wheezing,chest pain,,,,,
Asthma,MEDIUM,fatigue,chest pain,difficulty breathing,,,,,
Asthma,MEDIUM,difficulty breathing,fatigue,wheezing,,,,,
Asthma,MEDIUM,difficulty breathing,fatigue,cough,chest pain,wheezing,,,
Asthma,MEDIUM,fatigue,cough,wheezing,chest pain,difficulty breathing,,,
Asthma,MEDIUM,cough,difficulty breathing,wheezing,fatigue,chest pain,,,
Asthma,MEDIUM,fatigue,chest pain,wheezing,cough,,,,
Asthma,MEDIUM,difficulty breathing,cough,chest pain,,,,,
Asthma,MEDIUM,chest pain,difficulty breathing,fatigue,wheezing,cough,,,
Asthma,MEDIUM,difficulty breathing,chest pain,fatigue,cough,wheezing,,,
Asthma,MEDIUM,chest pain,cough,difficulty breathing,fatigue,,,,
Asthma,MEDIUM,difficulty breathing,cough,chest pain,wheezing,fatigue,,,
Asthma,MEDIUM,wheezing,difficulty breathing,chest pain,fatigue,,,,
Asthma,MEDIUM,chest pain,cough,wheezing,fatigue,difficulty breathing,,,
Asthma,MEDIUM,cough,difficulty breathing,chest pain,,,,,
UTI,MEDIUM,weakness,abdominal pain,fatigue,fever,back pain,,,
UTI,MEDIUM,fatigue,back pain,abdominal pain,weakness,fever,,,
UTI,MEDIUM,fever,weakness,abdominal pain,back pain,,,,
UTI,MEDIUM,back pain,fever,weakness,,,,,
UTI,MEDIUM,weakness,abdominal pain,back pain,fever,,,,
UTI,MEDIUM,fatigue,back pain,abdominal pain,weakness,,,,
UTI,MEDIUM,abdominal pain,weakness,fever,back pain,,,,
UTI,MEDIUM,back pain,fever,fatigue,abdominal pain,weakness,,,
UTI,MEDIUM,fatigue,abdominal pain,fever,weakness,,,,
UTI,MEDIUM,weakness,abdominal pain,fatigue,,,,,
UTI,MEDIUM,back pain,weakness,abdominal pain,,,,,
UTI,MEDIUM,back pain,abdominal pain,weakness,,,,,
UTI,MEDIUM,weakness,back pain,fever,fatigue,,,,
UTI,MEDIUM,weakness,fever,fatigue,,,,,
UTI,MEDIUM,abdominal pain,weakness,fever,fatigue,back pain,,,
UTI,MEDIUM,abdominal pain,fatigue,fever,,,,,
UTI,MEDIUM,fatigue,abdominal pain,weakness,back pain,,,,
UTI,MEDIUM,abdominal pain,weakness,fever,back pain,fatigue,,,
UTI,MEDIUM,fatigue,weakness,back pain,fever,abdominal pain,,,
UTI,MEDIUM,back pain,weakness,abdominal pain,fatigue,fever,,,
UTI,MEDIUM,weakness,abdominal pain,fatigue,fever,,,,
UTI,MEDIUM,back pain,weakness,fever,fatigue,,,,
UTI,MEDIUM,fatigue,abdominal pain,fever,back pain,weakness,,,
UTI,MEDIUM,fatigue,weakness,abdominal pain,,,,,
UTI,MEDIUM,abdominal pain,weakness,fatigue,,,,,
UTI,MEDIUM,abdominal pain,fatigue,fever,,,,,
UTI,MEDIUM,fever,back pain,weakness,fatigue,,,,
UTI,MEDIUM,fever,fatigue,abdominal pain,,,,,
UTI,MEDIUM,weakness,back pain,fatigue,fever,abdominal pain,,,
UTI,MEDIUM,abdominal pain,back pain,fatigue,weakness,,,,
UTI,MEDIUM,back pain,fatigue,weakness,fever,,,,
UTI,MEDIUM,fatigue,abdominal pain,weakness,back pain,,,,
UTI,MEDIUM,fever,fatigue,back pain,weakness,abdominal pain,,,
UTI,MEDIUM,weakness,fever,fatigue,,,,,
UTI,MEDIUM,fever,fatigue,back pain,abdominal pain,weakness,,,
UTI,MEDIUM,back pain,weakness,abdominal pain,,,,,
UTI,MEDIUM,fever,weakness,back pain,fatigue,abdominal pain,,,
UTI,MEDIUM,back pain,weakness,fever,fatigue,abdominal pain,,,
UTI,MEDIUM,fatigue,abdominal pain,back pain,weakness,fever,,,
UTI,MEDIUM,fatigue,abdominal pain,weakness,fever,,,,
UTI,MEDIUM,abdominal pain,weakness,back pain,fatigue,fever,,,
UTI,MEDIUM,fever,abdominal pain,fatigue,weakness,,,,
UTI,MEDIUM,fatigue,abdominal pain,weakness,,,,,
UTI,MEDIUM,abdominal pain,weakness,fatigue,fever,back pain,,,
UTI,MEDIUM,back pain,fever,weakness,fatigue,,,,
UTI,MEDIUM,weakness,fever,fatigue,back pain,abdominal pain,,,
UTI,MEDIUM,weakness,back pain,fever,,,,,
UTI,MEDIUM,back pain,weakness,abdominal pain,fever,fatigue,,,
UTI,MEDIUM,abdominal pain,fatigue,fever,weakness,back pain,,,
UTI,MEDIUM,fever,fatigue,abdominal pain,back pain,,,,
UTI,MEDIUM,abdominal pain,weakness,fatigue,back pain,,,,
UTI,MEDIUM,back pain,fatigue,weakness,abdominal pain,fever,,,
UTI,MEDIUM,abdominal pain,weakness,fever,back pain,,,,
UTI,MEDIUM,fatigue,fever,weakness,back pain,abdominal pain,,,
UTI,MEDIUM,back pain,fatigue,weakness,abdominal pain,,,,
UTI,MEDIUM,fever,back pain,abdominal pain,weakness,,,,
UTI,MEDIUM,back pain,fatigue,abdominal pain,,,,,
UTI,MEDIUM,weakness,fever,fatigue,abdominal pain,back pain,,,
UTI,MEDIUM,fever,fatigue,abdominal pain,weakness,back pain,,,
UTI,MEDIUM,fatigue,weakness,abdominal pain,back pain,fever,,,
UTI,MEDIUM,fatigue,back pain,abdominal pain,,,,,
UTI,MEDIUM,abdominal pain,back pain,fever,weakness,fatigue,,,
UTI,MEDIUM,abdominal pain,weakness,back pain,,,,,
UTI,MEDIUM,fever,back pain,weakness,,,,,
UTI,MEDIUM,fever,weakness,fatigue,abdominal pain,,,,
UTI,MEDIUM,back pain,weakness,fatigue,fever,,,,
UTI,MEDIUM,fatigue,fever,back pain,weakness,abdominal pain,,,
UTI,MEDIUM,weakness,fatigue,fever,back pain,abdominal pain,,,
UTI,MEDIUM,weakness,fever,abdominal pain,,,,,
UTI,MEDIUM,fever,abdominal pain,fatigue,back pain,,,,
UTI,MEDIUM,back pain,weakness,abdominal pain,,,,,
UTI,MEDIUM,back pain,weakness,fatigue,fever,,,,
UTI,MEDIUM,abdominal pain,weakness,fatigue,back pain,fever,,,
UTI,MEDIUM,fatigue,abdominal pain,fever,back pain,,,,
UTI,MEDIUM,fatigue,abdominal pain,fever,back pain,,,,
UTI,MEDIUM,abdominal pain,weakness,fatigue,fever,back pain,,,
UTI,MEDIUM,fever,weakness,back pain,abdominal pain,fatigue,,,
UTI,MEDIUM,fatigue,fever,weakness,back pain,,,,
UTI,MEDIUM,back pain,fatigue,weakness,abdominal pain,fever,,,
UTI,MEDIUM,fatigue,weakness,fever,abdominal pain,,,,
Drug Reaction,MEDIUM,itching,skin rash,vomiting,fever,,,,
Drug Reaction,MEDIUM,itching,vomiting,skin rash,,,,,
Drug Reaction,MEDIUM,weakness,fever,vomiting,skin rash,itching,,,
Drug Reaction,MEDIUM,weakness,fever,vomiting,,,,,
Drug Reaction,MEDIUM,itching,fever,weakness,vomiting,,,,
Drug Reaction,MEDIUM,itching,fever,weakness,,,,,
Drug Reaction,MEDIUM,itching,fever,skin rash,,,,,
Drug Reaction,MEDIUM,vomiting,weakness,skin rash,fever,itching,,,
Drug Reaction,MEDIUM,vomiting,itching,fever,,,,,
Drug Reaction,MEDIUM,skin rash,itching,weakness,,,,,
Drug Reaction,MEDIUM,skin rash,itching,fever,,,,,
Drug Reaction,MEDIUM,itching,skin rash,fever,,,,,
Drug Reaction,MEDIUM,vomiting,weakness,itching,,,,,
Drug Reaction,MEDIUM,weakness,itching,skin rash,vomiting,,,,
Drug Reaction,MEDIUM,itching,vomiting,skin rash,weakness,fever,,,
Drug Reaction,MEDIUM,fever,vomiting,skin rash,,,,,
Drug Reaction,MEDIUM,itching,vomiting,skin rash,weakness,,,,
Drug Reaction,MEDIUM,itching,skin rash,fever,vomiting,,,,
Drug Reaction,MEDIUM,skin rash,fever,itching,weakness,,,,
Drug Reaction,MEDIUM,skin rash,itching,vomiting,weakness,fever,,,
Drug Reaction,MEDIUM,skin rash,itching,weakness,fever,vomiting,,,
Drug Reaction,MEDIUM,fever,vomiting,skin rash,weakness,itching,,,
Drug Reaction,MEDIUM,vomiting,weakness,skin rash,itching,fever,,,
Drug Reaction,MEDIUM,vomiting,itching,weakness,fever,skin rash,,,
Drug Reaction,MEDIUM,vomiting,itching,skin rash,fever,,,,
Drug Reaction,MEDIUM,weakness,vomiting,skin rash,fever,itching,,,
Drug Reaction,MEDIUM,itching,weakness,skin rash,,,,,
Drug Reaction,MEDIUM,weakness,itching,vomiting,skin rash,fever,,,
Drug Reaction,MEDIUM,vomiting,fever,skin rash,itching,,,,
Drug Reaction,MEDIUM,fever,weakness,itching,skin rash,vomiting,,,
Drug Reaction,MEDIUM,fever,vomiting,itching,skin rash,,,,
Drug Reaction,MEDIUM,weakness,vomiting,skin rash,itching,,,,
Drug Reaction,MEDIUM,itching,weakness,fever,skin rash,vomiting,,,
Drug Reaction,MEDIUM,weakness,skin rash,vomiting,itching,,,,
Drug Reaction,MEDIUM,skin rash,vomiting,fever,,,,,
Drug Reaction,MEDIUM,skin rash,fever,weakness,vomiting,itching,,,
Drug Reaction,MEDIUM,weakness,itching,fever,,,,,
Drug Reaction,MEDIUM,vomiting,fever,itching,skin rash,weakness,,,
Drug Reaction,MEDIUM,fever,vomiting,skin rash,,,,,
Drug Reaction,MEDIUM,weakness,fever,skin rash,vomiting,itching,,,
Drug Reaction,MEDIUM,itching,skin rash,vomiting,weakness,fever,,,
Drug Reaction,MEDIUM,vomiting,weakness,skin rash,itching,,,,
Drug Reaction,MEDIUM,itching,vomiting,skin rash,,,,,
Drug Reaction,MEDIUM,itching,fever,vomiting,skin rash,weakness,,,
Drug Reaction,MEDIUM,skin rash,vomiting,itching,,,,,
Drug Reaction,MEDIUM,vomiting,weakness,itching,fever,,,,
Drug Reaction,MEDIUM,fever,itching,skin rash,vomiting,weakness,,,
Drug Reaction,MEDIUM,weakness,skin rash,vomiting,fever,,,,
Drug Reaction,MEDIUM,skin rash,vomiting,itching,fever,,,,
Drug Reaction,MEDIUM,itching,skin rash,vomiting,weakness,fever,,,
Drug Reaction,MEDIUM,weakness,itching,skin rash,fever,vomiting,,,
Drug Reaction,MEDIUM,itching,skin rash,fever,vomiting,weakness,,,
Drug Reaction,MEDIUM,itching,vomiting,fever,skin rash,weakness,,,
Drug Reaction,MEDIUM,fever,itching,weakness,skin rash,vomiting,,,
Drug Reaction,MEDIUM,itching,vomiting,skin rash,weakness,fever,,,
Drug Reaction,MEDIUM,weakness,fever,vomiting,skin rash,,,,
Drug Reaction,MEDIUM,skin rash,weakness,fever,vomiting,itching,,,
Drug Reaction,MEDIUM,vomiting,fever,itching,,,,,
Drug Reaction,MEDIUM,itching,vomiting,weakness,,,,,
Drug Reaction,MEDIUM,weakness,skin rash,fever,itching,vomiting,,,
Drug Reaction,MEDIUM,itching,weakness,vomiting,fever,skin rash,,,
Drug Reaction,MEDIUM,weakness,fever,skin rash,vomiting,itching,,,
Drug Reaction,MEDIUM,fever,itching,skin rash,vomiting,weakness,,,
Drug Reaction,MEDIUM,vomiting,weakness,skin rash,itching,,,,
Drug Reaction,MEDIUM,weakness,fever,vomiting,itching,,,,
Drug Reaction,MEDIUM,fever,skin rash,vomiting,itching,weakness,,,
Drug Reaction,MEDIUM,weakness,skin rash,vomiting,fever,,,,
Drug Reaction,MEDIUM,itching,weakness,vomiting,,,,,
Drug Reaction,MEDIUM,fever,vomiting,itching,weakness,skin rash,,,
Drug Reaction,MEDIUM,fever,itching,weakness,skin rash,,,,
Drug Reaction,MEDIUM,skin rash,vomiting,weakness,,,,,
Drug Reaction,MEDIUM,fever,vomiting,itching,weakness,skin rash,,,
Drug Reaction,MEDIUM,weakness,vomiting,skin rash,itching,,,,
Drug Reaction,MEDIUM,skin rash,fever,itching,weakness,vomiting,,,
Drug Reaction,MEDIUM,skin rash,weakness,itching,fever,,,,
Drug Reaction,MEDIUM,fever,vomiting,skin rash,,,,,
Drug Reaction,MEDIUM,skin rash,vomiting,weakness,fever,,,,
Drug Reaction,MEDIUM,skin rash,itching,vomiting,weakness,fever,,,
Drug Reaction,MEDIUM,vomiting,fever,skin rash,,,,,
Drug Reaction,MEDIUM,itching,fever,skin rash,weakness,vomiting,,,
Common Cold,LOW,headache,sore throat,fatigue,runny nose,cough,,,
Common Cold,LOW,fatigue,sore throat,headache,cough,runny nose,,,
Common Cold,LOW,fatigue,headache,cough,,,,,
Common Cold,LOW,sore throat,fatigue,cough,headache,runny nose,,,
Common Cold,LOW,sore throat,runny nose,cough,,,,,
Common Cold,LOW,cough,sore throat,fatigue,runny nose,headache,,,
Common Cold,LOW,headache,runny nose,sore throat,cough,,,,
Common Cold,LOW,runny nose,headache,fatigue,cough,,,,
Common Cold,LOW,runny nose,cough,fatigue,sore throat,headache,,,
Common Cold,LOW,fatigue,sore throat,runny nose,cough,,,,
Common Cold,LOW,cough,headache,runny nose,sore throat,fatigue,,,
Common Cold,LOW,fatigue,headache,runny nose,sore throat,cough,,,
Common Cold,LOW,sore throat,cough,fatigue,runny nose,,,,
Common Cold,LOW,runny nose,headache,cough,,,,,
Common Cold,LOW,fatigue,runny nose,headache,cough,,,,
Common Cold,LOW,runny nose,cough,sore throat,headache,,,,
Common Cold,LOW,fatigue,runny nose,sore throat,headache,,,,
Common Cold,LOW,sore throat,fatigue,headache,,,,,
Common Cold,LOW,headache,fatigue,sore throat,cough,,,,
Common Cold,LOW,headache,cough,fatigue,sore throat,,,,
Common Cold,LOW,sore throat,fatigue,runny nose,headache,,,,
Common Cold,LOW,cough,sore throat,headache,runny nose,,,,
Common Cold,LOW,fatigue,headache,sore throat,runny nose,,,,
Common Cold,LOW,cough,runny nose,sore throat,,,,,
Common Cold,LOW,fatigue,headache,sore throat,cough,runny nose,,,
Common Cold,LOW,fatigue,sore throat,runny nose,cough,headache,,,
Common Cold,LOW,sore throat,cough,headache,runny nose,,,,
Common Cold,LOW,fatigue,sore throat,headache,,,,,
Common Cold,LOW,runny nose,sore throat,cough,fatigue,,,,
Common Cold,LOW,runny nose,sore throat,cough,,,,,
Common Cold,LOW,cough,fatigue,sore throat,runny nose,headache,,,
Common Cold,LOW,runny nose,cough,headache,sore throat,fatigue,,,
Common Cold,LOW,runny nose,headache,cough,sore throat,,,,
Common Cold,LOW,fatigue,cough,headache,sore throat,,,,
Common Cold,LOW,runny nose,fatigue,headache,cough,sore throat,,,
Common Cold,LOW,sore throat,headache,runny nose,,,,,
Common Cold,LOW,sore throat,fatigue,cough,,,,,
Common Cold,LOW,headache,runny nose,cough,sore throat,fatigue,,,
Common Cold,LOW,sore throat,cough,fatigue,runny nose,,,,
Common Cold,LOW,fatigue,cough,headache,runny nose,,,,
Common Cold,LOW,sore throat,cough,fatigue,runny nose,,,,
Common Cold,LOW,fatigue,cough,sore throat,,,,,
Common Cold,LOW,headache,sore throat,fatigue,runny nose,,,,
Common Cold,LOW,fatigue,runny nose,headache,cough,sore throat,,,
Common Cold,LOW,sore throat,cough,headache,runny nose,fatigue,,,
Common Cold,LOW,cough,runny nose,headache,fatigue,sore throat,,,
Common Cold,LOW,cough,runny nose,sore throat,,,,,
Common Cold,LOW,fatigue,headache,cough,runny nose,,,,
Common Cold,LOW,sore throat,runny nose,cough,headache,,,,
Common Cold,LOW,fatigue,sore throat,runny nose,cough,headache,,,
Common Cold,LOW,sore throat,fatigue,runny nose,cough,,,,
Common Cold,LOW,cough,sore throat,headache,fatigue,,,,
Common Cold,LOW,sore throat,fatigue,cough,headache,runny nose,,,
Common Cold,LOW,fatigue,sore throat,cough,headache,,,,
Common Cold,LOW,headache,cough,runny nose,,,,,
Common Cold,LOW,fatigue,sore throat,cough,runny nose,headache,,,
Common Cold,LOW,sore throat,runny nose,headache,fatigue,,,,
Common Cold,LOW,cough,headache,sore throat,fatigue,runny nose,,,
Common Cold,LOW,runny nose,sore throat,cough,,,,,
Common Cold,LOW,headache,cough,runny nose,fatigue,,,,
Common Cold,LOW,sore throat,headache,cough,fatigue,runny nose,,,
Common Cold,LOW,headache,sore throat,cough,fatigue,runny nose,,,
Common Cold,LOW,sore throat,runny nose,headache,fatigue,cough,,,
Common Cold,LOW,runny nose,fatigue,sore throat,headache,,,,
Common Cold,LOW,runny nose,headache,sore throat,cough,,,,
Common Cold,LOW,fatigue,runny nose,sore throat,,,,,
Common Cold,LOW,headache,sore throat,cough,fatigue,,,,
Common Cold,LOW,runny nose,headache,fatigue,sore throat,,,,
Common Cold,LOW,fatigue,cough,sore throat,runny nose,headache,,,
Common Cold,LOW,runny nose,cough,sore throat,,,,,
Common Cold,LOW,sore throat,fatigue,runny nose,cough,,,,
Common Cold,LOW,headache,sore throat,cough,runny nose,fatigue,,,
Common Cold,LOW,runny nose,cough,fatigue,headache,sore throat,,,
Common Cold,LOW,cough,fatigue,headache,sore throat,,,,
Common Cold,LOW,headache,runny nose,sore throat,cough,fatigue,,,
Common Cold,LOW,sore throat,fatigue,runny nose,,,,,
Common Cold,LOW,runny nose,fatigue,headache,cough,,,,
Common Cold,LOW,runny nose,sore throat,fatigue,cough,headache,,,
Common Cold,LOW,cough,fatigue,headache,,,,,
Common Cold,LOW,cough,sore throat,headache,runny nose,,,,
Allergy,LOW,sneezing,runny nose,skin rash,itching,,,,
Allergy,LOW,skin rash,sneezing,itching,runny nose,,,,
Allergy,LOW,watery eyes,skin rash,itching,runny nose,,,,
Allergy,LOW,runny nose,sneezing,watery eyes,,,,,
Allergy,LOW,itching,skin rash,watery eyes,,,,,
Allergy,LOW,sneezing,watery eyes,runny nose,skin rash,itching,,,
Allergy,LOW,skin rash,watery eyes,itching,sneezing,runny nose,,,
Allergy,LOW,itching,watery eyes,runny nose,,,,,
Allergy,LOW,sneezing,runny nose,skin rash,,,,,
Allergy,LOW,itching,skin rash,runny nose,sneezing,watery eyes,,,
Allergy,LOW,itching,runny nose,sneezing,skin rash,,,,
Allergy,LOW,watery eyes,itching,runny nose,sneezing,,,,
Allergy,LOW,skin rash,itching,runny nose,watery eyes,sneezing,,,
Allergy,LOW,skin rash,itching,watery eyes,,,,,
Allergy,LOW,skin rash,runny nose,sneezing,,,,,
Allergy,LOW,sneezing,watery eyes,runny nose,,,,,
Allergy,LOW,itching,runny nose,watery eyes,skin rash,sneezing,,,
Allergy,LOW,itching,sneezing,skin rash,runny nose,,,,
Allergy,LOW,runny nose,skin rash,sneezing,,,,,
Allergy,LOW,runny nose,watery eyes,sneezing,itching,skin rash,,,
Allergy,LOW,sneezing,runny nose,itching,,,,,
Allergy,LOW,runny nose,sneezing,watery eyes,,,,,
Allergy,LOW,skin rash,sneezing,runny nose,itching,,,,
Allergy,LOW,sneezing,skin rash,itching,runny nose,,,,
Allergy,LOW,itching,sneezing,runny nose,skin rash,watery eyes,,,
Allergy,LOW,runny nose,watery eyes,skin rash,itching,sneezing,,,
Allergy,LOW,sneezing,itching,watery eyes,runny nose,,,,
Allergy,LOW,skin rash,runny nose,sneezing,itching,,,,
Allergy,LOW,sneezing,runny nose,skin rash,watery eyes,itching,,,
Allergy,LOW,itching,skin rash,sneezing,runny nose,,,,
Allergy,LOW,itching,skin rash,sneezing,watery eyes,runny nose,,,
Allergy,LOW,skin rash,itching,watery eyes,sneezing,runny nose,,,
Allergy,LOW,itching,runny nose,skin rash,watery eyes,,,,
Allergy,LOW,sneezing,watery eyes,skin rash,,,,,
Allergy,LOW,runny nose,skin rash,watery eyes,,,,,
Allergy,LOW,skin rash,itching,runny nose,watery eyes,sneezing,,,
Allergy,LOW,watery eyes,runny nose,itching,skin rash,,,,
Allergy,LOW,skin rash,watery eyes,sneezing,,,,,
Allergy,LOW,itching,sneezing,skin rash,watery eyes,runny nose,,,
Allergy,LOW,skin rash,watery eyes,runny nose,,,,,
Allergy,LOW,runny nose,watery eyes,sneezing,skin rash,itching,,,
Allergy,LOW,skin rash,runny nose,sneezing,watery eyes,itching,,,
Allergy,LOW,sneezing,itching,runny nose,,,,,
Allergy,LOW,sneezing,watery eyes,skin rash,itching,,,,
Allergy,LOW,sneezing,runny nose,watery eyes,,,,,
Allergy,LOW,skin rash,sneezing,runny nose,,,,,
Allergy,LOW,sneezing,runny nose,itching,watery eyes,,,,
Allergy,LOW,skin rash,itching,sneezing,watery eyes,,,,
Allergy,LOW,sneezing,itching,watery eyes,skin rash,runny nose,,,
Allergy,LOW,sneezing,itching,watery eyes,,,,,
Allergy,LOW,watery eyes,sneezing,skin rash,itching,,,,
Allergy,LOW,sneezing,itching,watery eyes,skin rash,,,,
Allergy,LOW,watery eyes,itching,runny nose,sneezing,skin rash,,,
Allergy,LOW,watery eyes,sneezing,runny nose,,,,,
Allergy,LOW,watery eyes,sneezing,skin rash,,,,,
Allergy,LOW,skin rash,itching,runny nose,,,,,
Allergy,LOW,runny nose,watery eyes,skin rash,,,,,
Allergy,LOW,watery eyes,runny nose,sneezing,itching,skin rash,,,
Allergy,LOW,sneezing,skin rash,runny nose,,,,,
Allergy,LOW,watery eyes,sneezing,runny nose,,,,,
Allergy,LOW,watery eyes,skin rash,sneezing,runny nose,,,,
Allergy,LOW,sneezing,runny nose,skin rash,,,,,
Allergy,LOW,watery eyes,runny nose,itching,sneezing,skin rash,,,
Allergy,LOW,watery eyes,runny nose,itching,skin rash,,,,
Allergy,LOW,itching,sneezing,skin rash,watery eyes,,,,
Allergy,LOW,sneezing,itching,watery eyes,skin rash,,,,
Allergy,LOW,itching,watery eyes,runny nose,sneezing,,,,
Allergy,LOW,runny nose,watery eyes,skin rash,sneezing,itching,,,
Allergy,LOW,sneezing,skin rash,runny nose,watery eyes,itching,,,
Allergy,LOW,runny nose,itching,skin rash,watery eyes,sneezing,,,
Allergy,LOW,itching,sneezing,watery eyes,runny nose,skin rash,,,
Allergy,LOW,runny nose,skin rash,sneezing,,,,,
Allergy,LOW,runny nose,watery eyes,itching,skin rash,sneezing,,,
Allergy,LOW,sneezing,watery eyes,skin rash,runny nose,,,,
Allergy,LOW,itching,sneezing,runny nose,,,,,
Allergy,LOW,watery eyes,itching,skin rash,runny nose,sneezing,,,
Allergy,LOW,skin rash,itching,sneezing,,,,,
Allergy,LOW,runny nose,watery eyes,itching,,,,,
Allergy,LOW,sneezing,runny nose,watery eyes,skin rash,,,,
Allergy,LOW,skin rash,itching,sneezing,runny nose,,,,
Migraine,LOW,sensitivity to light,headache,dizziness,,,,,
Migraine,LOW,headache,vomiting,blurred vision,sensitivity to light,,,,
Migraine,LOW,headache,dizziness,vomiting,,,,,
Migraine,LOW,blurred vision,vomiting,sensitivity to light,dizziness,headache,,,
Migraine,LOW,dizziness,sensitivity to light,blurred vision,headache,,,,
Migraine,LOW,headache,blurred vision,dizziness,vomiting,sensitivity to light,,,
Migraine,LOW,blurred vision,sensitivity to light,headache,,,,,
Migraine,LOW,headache,sensitivity to light,dizziness,,,,,
Migraine,LOW,headache,dizziness,blurred vision,sensitivity to light,vomiting,,,
Migraine,LOW,vomiting,blurred vision,dizziness,sensitivity to light,headache,,,
Migraine,LOW,blurred vision,headache,vomiting,dizziness,sensitivity to light,,,
Migraine,LOW,blurred vision,dizziness,headache,sensitivity to light,,,,
Migraine,LOW,headache,vomiting,dizziness,blurred vision,,,,
Migraine,LOW,dizziness,vomiting,headache,,,,,
Migraine,LOW,headache,dizziness,sensitivity to light,blurred vision,vomiting,,,
Migraine,LOW,dizziness,vomiting,blurred vision,sensitivity to light,headache,,,
Migraine,LOW,blurred vision,sensitivity to light,vomiting,,,,,
Migraine,LOW,headache,sensitivity to light,blurred vision,dizziness,,,,
Migraine,LOW,sensitivity to light,headache,dizziness,blurred vision,vomiting,,,
Migraine,LOW,sensitivity to light,headache,vomiting,blurred vision,dizziness,,,
Migraine,LOW,dizziness,blurred vision,sensitivity to light,,,,,
Migraine,LOW,blurred vision,sensitivity to light,headache,vomiting,,,,
Migraine,LOW,headache,blurred vision,sensitivity to light,,,,,
Migraine,LOW,blurred vision,vomiting,headache,,,,,
Migraine,LOW,blurred vision,dizziness,headache,vomiting,,,,
Migraine,LOW,sensitivity to light,headache,blurred vision,,,,,
Migraine,LOW,blurred vision,headache,sensitivity to light,,,,,
Migraine,LOW,blurred vision,vomiting,headache,sensitivity to light,,,,
Migraine,LOW,blurred vision,dizziness,sensitivity to light,vomiting,,,,
Migraine,LOW,sensitivity to light,blurred vision,headache,vomiting,dizziness,,,
Migraine,LOW,dizziness,headache,sensitivity to light,vomiting,,,,
Migraine,LOW,dizziness,sensitivity to light,blurred vision,headache,,,,
Migraine,LOW,vomiting,blurred vision,headache,,,,,
Migraine,LOW,blurred vision,headache,dizziness,,,,,
Migraine,LOW,headache,blurred vision,sensitivity to light,dizziness,,,,
Migraine,LOW,sensitivity to light,blurred vision,vomiting,headache,,,,
Migraine,LOW,blurred vision,vomiting,headache,dizziness,sensitivity to light,,,
Migraine,LOW,headache,blurred vision,vomiting,,,,,
Migraine,LOW,vomiting,headache,dizziness,blurred vision,sensitivity to light,,,
Migraine,LOW,dizziness,headache,sensitivity to light,,,,,
Migraine,LOW,vomiting,blurred vision,headache,sensitivity to light,,,,
Migraine,LOW,headache,dizziness,vomiting,blurred vision,sensitivity to light,,,
Migraine,LOW,blurred vision,vomiting,sensitivity to light,headache,dizziness,,,
Migraine,LOW,sensitivity to light,blurred vision,headache,vomiting,dizziness,,,
Migraine,LOW,headache,vomiting,sensitivity to light,blurred vision,dizziness,,,
Migraine,LOW,vomiting,sensitivity to light,dizziness,headache,blurred vision,,,
Migraine,LOW,sensitivity to light,vomiting,blurred vision,dizziness,headache,,,
Migraine,LOW,vomiting,headache,dizziness,blurred vision,,,,
Migraine,LOW,dizziness,headache,blurred vision,,,,,
Migraine,LOW,blurred vision,sensitivity to light,dizziness,headache,vomiting,,,
Migraine,LOW,vomiting,sensitivity to light,blurred vision,dizziness,headache,,,
Migraine,LOW,headache,vomiting,dizziness,sensitivity to light,blurred vision,,,
Migraine,LOW,headache,blurred vision,dizziness,vomiting,sensitivity to light,,,
Migraine,LOW,sensitivity to light,headache,blurred vision,vomiting,dizziness,,,
Migraine,LOW,sensitivity to light,dizziness,blurred vision,headache,vomiting,,,
Migraine,LOW,dizziness,blurred vision,sensitivity to light,,,,,
Migraine,LOW,dizziness,vomiting,sensitivity to light,,,,,
Migraine,LOW,dizziness,vomiting,headache,blurred vision,sensitivity to light,,,
Migraine,LOW,sensitivity to light,headache,vomiting,,,,,
Migraine,LOW,vomiting,dizziness,sensitivity to light,headache,,,,
Migraine,LOW,sensitivity to light,blurred vision,vomiting,,,,,
Migraine,LOW,blurred vision,dizziness,vomiting,headache,sensitivity to light,,,
Migraine,LOW,headache,blurred vision,vomiting,sensitivity to light,dizziness,,,
Migraine,LOW,sensitivity to light,headache,dizziness,blurred vision,vomiting,,,
Migraine,LOW,headache,vomiting,blurred vision,,,,,
Migraine,LOW,vomiting,headache,sensitivity to light,dizziness,blurred vision,,,
Migraine,LOW,sensitivity to light,headache,dizziness,vomiting,blurred vision,,,
Migraine,LOW,headache,sensitivity to light,dizziness,blurred vision,vomiting,,,
Migraine,LOW,blurred vision,sensitivity to light,headache,vomiting,,,,
Migraine,LOW,headache,vomiting,sensitivity to light,,,,,
Migraine,LOW,dizziness,vomiting,headache,sensitivity to light,,,,
Migraine,LOW,headache,blurred vision,sensitivity to light,,,,,
Migraine,LOW,sensitivity to light,vomiting,dizziness,headache,blurred vision,,,
Migraine,LOW,vomiting,blurred vision,dizziness,,,,,
Migraine,LOW,sensitivity to light,blurred vision,vomiting,dizziness,,,,
Migraine,LOW,sensitivity to light,dizziness,vomiting,blurred vision,headache,,,
Migraine,LOW,sensitivity to light,blurred vision,headache,vomiting,dizziness,,,
Migraine,LOW,sensitivity to light,headache,blurred vision,,,,,
Migraine,LOW,blurred vision,dizziness,sensitivity to light,,,,,
Migraine,LOW,sensitivity to light,blurred vision,vomiting,dizziness,headache,,,
Fungal Infection,LOW,discomfort,itching,redness,skin rash,scaling,,,
Fungal Infection,LOW,itching,redness,discomfort,skin rash,,,,
Fungal Infection,LOW,discomfort,scaling,itching,redness,,,,
Fungal Infection,LOW,skin rash,redness,itching,scaling,discomfort,,,
Fungal Infection,LOW,discomfort,scaling,redness,itching,,,,
Fungal Infection,LOW,redness,discomfort,scaling,,,,,
Fungal Infection,LOW,scaling,itching,discomfort,redness,,,,
Fungal Infection,LOW,itching,discomfort,skin rash,scaling,,,,
Fungal Infection,LOW,redness,discomfort,skin rash,,,,,
Fungal Infection,LOW,discomfort,redness,skin rash,scaling,itching,,,
Fungal Infection,LOW,discomfort,redness,scaling,skin rash,,,,
Fungal Infection,LOW,skin rash,discomfort,itching,,,,,
Fungal Infection,LOW,scaling,skin rash,itching,discomfort,redness,,,
Fungal Infection,LOW,redness,itching,skin rash,discomfort,,,,
Fungal Infection,LOW,skin rash,itching,scaling,discomfort,redness,,,
Fungal Infection,LOW,discomfort,scaling,itching,,,,,
Fungal Infection,LOW,discomfort,redness,itching,scaling,skin rash,,,
Fungal Infection,LOW,skin rash,discomfort,scaling,itching,,,,
Fungal Infection,LOW,discomfort,scaling,redness,skin rash,,,,
Fungal Infection,LOW,discomfort,scaling,itching,,,,,
Fungal Infection,LOW,scaling,redness,discomfort,skin rash,itching,,,
Fungal Infection,LOW,discomfort,scaling,itching,skin rash,,,,
Fungal Infection,LOW,redness,scaling,skin rash,itching,,,,
Fungal Infection,LOW,scaling,redness,discomfort,,,,,
Fungal Infection,LOW,redness,scaling,discomfort,itching,skin rash,,,
Fungal Infection,LOW,scaling,itching,redness,skin rash,discomfort,,,
Fungal Infection,LOW,discomfort,skin rash,redness,,,,,
Fungal Infection,LOW,discomfort,skin rash,scaling,redness,,,,
Fungal Infection,LOW,redness,discomfort,skin rash,itching,,,,
Fungal Infection,LOW,skin rash,itching,discomfort,,,,,
Fungal Infection,LOW,skin rash,discomfort,itching,redness,scaling,,,
Fungal Infection,LOW,scaling,redness,discomfort,,,,,
Fungal Infection,LOW,discomfort,scaling,redness,skin rash,itching,,,
Fungal Infection,LOW,skin rash,itching,discomfort,,,,,
Fungal Infection,LOW,itching,skin rash,redness,discomfort,scaling,,,
Fungal Infection,LOW,redness,scaling,discomfort,,,,,
Fungal Infection,LOW,redness,scaling,skin rash,,,,,
Fungal Infection,LOW,skin rash,discomfort,scaling,redness,itching,,,
Fungal Infection,LOW,itching,skin rash,scaling,redness,discomfort,,,
Fungal Infection,LOW,discomfort,redness,skin rash,scaling,itching,,,
Fungal Infection,LOW,discomfort,skin rash,itching,redness,scaling,,,
Fungal Infection,LOW,skin rash,itching,scaling,,,,,
Fungal Infection,LOW,itching,discomfort,skin rash,redness,scaling,,,
Fungal Infection,LOW,scaling,itching,skin rash,,,,,
Fungal Infection,LOW,itching,redness,scaling,skin rash,,,,
Fungal Infection,LOW,scaling,redness,discomfort,skin rash,itching,,,
Fungal Infection,LOW,redness,itching,skin rash,,,,,
Fungal Infection,LOW,scaling,redness,itching,discomfort,skin rash,,,
Fungal Infection,LOW,discomfort,redness,itching,,,,,
Fungal Infection,LOW,itching,redness,discomfort,scaling,,,,
Fungal Infection,LOW,scaling,itching,skin rash,redness,discomfort,,,
Fungal Infection,LOW,skin rash,scaling,itching,redness,,,,
Fungal Infection,LOW,itching,skin rash,discomfort,scaling,,,,
Fungal Infection,LOW,itching,skin rash,discomfort,scaling,redness,,,
Fungal Infection,LOW,redness,discomfort,skin rash,,,,,
Fungal Infection,LOW,skin rash,redness,discomfort,scaling,itching,,,
Fungal Infection,LOW,itching,redness,scaling,skin rash,discomfort,,,
Fungal Infection,LOW,skin rash,scaling,discomfort,redness,,,,
Fungal Infection,LOW,scaling,skin rash,redness,itching,,,,
Fungal Infection,LOW,scaling,skin rash,redness,itching,discomfort,,,
Fungal Infection,LOW,itching,skin rash,scaling,discomfort,redness,,,
Fungal Infection,LOW,skin rash,redness,scaling,,,,,
Fungal Infection,LOW,itching,redness,skin rash,,,,,
Fungal Infection,LOW,scaling,skin rash,itching,discomfort,redness,,,
Fungal Infection,LOW,skin rash,scaling,discomfort,itching,,,,
Fungal Infection,LOW,discomfort,itching,scaling,redness,skin rash,,,
Fungal Infection,LOW,redness,scaling,itching,,,,,
Fungal Infection,LOW,discomfort,skin rash,itching,scaling,,,,
Fungal Infection,LOW,skin rash,redness,discomfort,itching,,,,
Fungal Infection,LOW,discomfort,redness,itching,skin rash,scaling,,,
Fungal Infection,LOW,scaling,redness,skin rash,itching,discomfort,,,
Fungal Infection,LOW,scaling,discomfort,redness,,,,,
Fungal Infection,LOW,skin rash,itching,scaling,discomfort,redness,,,
Fungal Infection,LOW,scaling,skin rash,itching,redness,,,,
Fungal Infection,LOW,itching,redness,scaling,discomfort,skin rash,,,
Fungal Infection,LOW,scaling,discomfort,itching,skin rash,redness,,,
Fungal Infection,LOW,skin rash,scaling,discomfort,itching,redness,,,
Fungal Infection,LOW,itching,discomfort,scaling,skin rash,redness,,,
Fungal Infection,LOW,scaling,redness,skin rash,,,,,
Fungal Infection,LOW,redness,discomfort,itching,,,,,
Chicken Pox,LOW,fever,loss of appetite,itching,,,,,
Chicken Pox,LOW,fever,fatigue,loss of appetite,skin rash,,,,
Chicken Pox,LOW,fever,skin rash,fatigue,,,,,
Chicken Pox,LOW,loss of appetite,skin rash,fever,fatigue,itching,,,
Chicken Pox,LOW,fatigue,itching,loss of appetite,,,,,
Chicken Pox,LOW,itching,fever,loss of appetite,,,,,
Chicken Pox,LOW,itching,fever,loss of appetite,fatigue,,,,
Chicken Pox,LOW,skin rash,loss of appetite,fever,,,,,
Chicken Pox,LOW,loss of appetite,fatigue,fever,,,,,
Chicken Pox,LOW,fever,loss of appetite,itching,fatigue,skin rash,,,
Chicken Pox,LOW,fatigue,loss of appetite,fever,,,,,
Chicken Pox,LOW,skin rash,itching,fever,loss of appetite,,,,
Chicken Pox,LOW,fever,itching,fatigue,loss of appetite,,,,
Chicken Pox,LOW,fever,fatigue,skin rash,,,,,
Chicken Pox,LOW,fever,skin rash,fatigue,loss of appetite,itching,,,
Chicken Pox,LOW,itching,fever,skin rash,loss of appetite,,,,
Chicken Pox,LOW,itching,loss of appetite,skin rash,fever,fatigue,,,
Chicken Pox,LOW,fever,loss of appetite,skin rash,,,,,
Chicken Pox,LOW,itching,loss of appetite,fatigue,skin rash,fever,,,
Chicken Pox,LOW,loss of appetite,skin rash,itching,,,,,
Chicken Pox,LOW,fever,fatigue,itching,skin rash,,,,
Chicken Pox,LOW,fatigue,itching,skin rash,fever,,,,
Chicken Pox,LOW,fatigue,fever,loss of appetite,itching,skin rash,,,
Chicken Pox,LOW,fever,fatigue,itching,skin rash,loss of appetite,,,
Chicken Pox,LOW,loss of appetite,fever,itching,,,,,
Chicken Pox,LOW,skin rash,loss of appetite,itching,,,,,
Chicken Pox,LOW,fatigue,itching,skin rash,fever,loss of appetite,,,
Chicken Pox,LOW,itching,fatigue,loss of appetite,skin rash,,,,
Chicken Pox,LOW,loss of appetite,skin rash,fever,,,,,
Chicken Pox,LOW,fever,loss of appetite,fatigue,,,,,
Chicken Pox,LOW,skin rash,loss of appetite,fever,itching,fatigue,,,
Chicken Pox,LOW,fatigue,skin rash,loss of appetite,fever,itching,,,
Chicken Pox,LOW,itching,fever,skin rash,loss of appetite,,,,
Chicken Pox,LOW,skin rash,itching,loss of appetite,fatigue,,,,
Chicken Pox,LOW,itching,loss of appetite,fever,fatigue,skin rash,,,
Chicken Pox,LOW,fatigue,skin rash,itching,loss of appetite,fever,,,
Chicken Pox,LOW,loss of appetite,skin rash,itching,fever,fatigue,,,
Chicken Pox,LOW,loss of appetite,itching,fever,,,,,
Chicken Pox,LOW,skin rash,loss of appetite,fever,fatigue,itching,,,
Chicken Pox,LOW,itching,fatigue,fever,,,,,
Chicken Pox,LOW,fever,loss of appetite,skin rash,fatigue,,,,
Chicken Pox,LOW,fatigue,fever,skin rash,itching,,,,
Chicken Pox,LOW,fatigue,skin rash,loss of appetite,,,,,
Chicken Pox,LOW,loss of appetite,skin rash,fever,fatigue,,,,
Chicken Pox,LOW,skin rash,fatigue,fever,itching,,,,
Chicken Pox,LOW,skin rash,itching,loss of appetite,,,,,
Chicken Pox,LOW,itching,fatigue,skin rash,loss of appetite,,,,
Chicken Pox,LOW,skin rash,fatigue,itching,,,,,
Chicken Pox,LOW,fatigue,skin rash,itching,loss of appetite,fever,,,
Chicken Pox,LOW,fatigue,itching,loss of appetite,skin rash,fever,,,
Chicken Pox,LOW,itching,loss of appetite,skin rash,fever,,,,
Chicken Pox,LOW,fever,loss of appetite,fatigue,skin rash,itching,,,
Chicken Pox,LOW,itching,fever,loss of appetite,skin rash,fatigue,,,
Chicken Pox,LOW,fatigue,itching,loss of appetite,fever,skin rash,,,
Chicken Pox,LOW,loss of appetite,skin rash,itching,fever,fatigue,,,
Chicken Pox,LOW,itching,fatigue,fever,skin rash,,,,
Chicken Pox,LOW,skin rash,itching,fever,,,,,
Chicken Pox,LOW,skin rash,loss of appetite,fatigue,fever,,,,
Chicken Pox,LOW,skin rash,loss of appetite,fever,fatigue,itching,,,
Chicken Pox,LOW,fatigue,skin rash,loss of appetite,itching,fever,,,
Chicken Pox,LOW,fever,loss of appetite,skin rash,,,,,
Chicken Pox,LOW,itching,fever,loss of appetite,skin rash,,,,
Chicken Pox,LOW,loss of appetite,fever,skin rash,itching,,,,
Chicken Pox,LOW,fatigue,skin rash,fever,loss of appetite,,,,
Chicken Pox,LOW,fatigue,fever,itching,skin rash,loss of appetite,,,
Chicken Pox,LOW,fever,loss of appetite,fatigue,skin rash,itching,,,
Chicken Pox,LOW,itching,fever,skin rash,,,,,
Chicken Pox,LOW,fatigue,loss of appetite,itching,,,,,
Chicken Pox,LOW,loss of appetite,fatigue,itching,,,,,
Chicken Pox,LOW,loss of appetite,itching,fever,skin rash,,,,
Chicken Pox,LOW,itching,fatigue,loss of appetite,fever,,,,
Chicken Pox,LOW,itching,skin rash,fever,,,,,
Chicken Pox,LOW,fever,fatigue,itching,,,,,
Chicken Pox,LOW,loss of appetite,fatigue,itching,fever,,,,
Chicken Pox,LOW,fatigue,loss of appetite,skin rash,fever,,,,
Chicken Pox,LOW,fatigue,loss of appetite,fever,itching,skin rash,,,
Chicken Pox,LOW,fever,itching,fatigue,loss of appetite,skin rash,,,
Chicken Pox,LOW,fatigue,itching,skin rash,loss of appetite,fever,,,
Chicken Pox,LOW,loss of appetite,fatigue,itching,fever,,,,
Chicken Pox,LOW,fatigue,fever,skin rash,loss of appetite,,,,
Acne,LOW,itching,skin rash,swelling,redness,,,,
Acne,LOW,redness,swelling,itching,,,,,
Acne,LOW,swelling,itching,skin rash,,,,,
Acne,LOW,swelling,skin rash,redness,itching,,,,
Acne,LOW,skin rash,itching,swelling,redness,,,,
Acne,LOW,skin rash,redness,swelling,itching,,,,
Acne,LOW,skin rash,swelling,itching,redness,,,,
Acne,LOW,itching,skin rash,swelling,redness,,,,
Acne,LOW,itching,swelling,skin rash,redness,,,,
Acne,LOW,redness,swelling,skin rash,itching,,,,
Acne,LOW,swelling,itching,skin rash,redness,,,,
Acne,LOW,itching,skin rash,redness,,,,,
Acne,LOW,skin rash,swelling,redness,itching,,,,
Acne,LOW,skin rash,redness,itching,swelling,,,,
Acne,LOW,itching,swelling,redness,skin rash,,,,
Acne,LOW,redness,skin rash,itching,,,,,
Acne,LOW,swelling,skin rash,itching,,,,,
Acne,LOW,skin rash,redness,itching,,,,,
Acne,LOW,itching,swelling,redness,skin rash,,,,
Acne,LOW,swelling,itching,skin rash,redness,,,,
Acne,LOW,itching,skin rash,swelling,,,,,
Acne,LOW,itching,skin rash,swelling,,,,,
Acne,LOW,swelling,itching,redness,skin rash,,,,
Acne,LOW,swelling,redness,itching,,,,,
Acne,LOW,skin rash,swelling,itching,redness,,,,
Acne,LOW,swelling,redness,skin rash,,,,,
Acne,LOW,swelling,skin rash,redness,itching,,,,
Acne,LOW,redness,itching,skin rash,,,,,
Acne,LOW,redness,itching,swelling,skin rash,,,,
Acne,LOW,redness,swelling,skin rash,,,,,
Acne,LOW,redness,skin rash,itching,swelling,,,,
Acne,LOW,skin rash,itching,redness,swelling,,,,
Acne,LOW,swelling,itching,redness,skin rash,,,,
Acne,LOW,redness,itching,swelling,,,,,
Acne,LOW,redness,swelling,skin rash,,,,,
Acne,LOW,skin rash,swelling,redness,itching,,,,
Acne,LOW,skin rash,itching,redness,,,,,
Acne,LOW,skin rash,redness,swelling,itching,,,,
Acne,LOW,swelling,itching,skin rash,redness,,,,
Acne,LOW,skin rash,itching,redness,,,,,
Acne,LOW,itching,redness,swelling,skin rash,,,,
Acne,LOW,swelling,itching,redness,,,,,
Acne,LOW,itching,skin rash,swelling,,,,,
Acne,LOW,skin rash,redness,swelling,,,,,
Acne,LOW,skin rash,redness,swelling,,,,,
Acne,LOW,swelling,itching,skin rash,,,,,
Acne,LOW,swelling,redness,itching,skin rash,,,,
Acne,LOW,redness,itching,swelling,,,,,
Acne,LOW,swelling,skin rash,redness,itching,,,,
Acne,LOW,swelling,skin rash,redness,itching,,,,
Acne,LOW,itching,swelling,skin rash,redness,,,,
Acne,LOW,redness,skin rash,swelling,,,,,
Acne,LOW,swelling,itching,skin rash,,,,,
Acne,LOW,redness,skin rash,swelling,,,,,
Acne,LOW,skin rash,redness,itching,swelling,,,,
Acne,LOW,redness,swelling,skin rash,,,,,
Acne,LOW,itching,skin rash,swelling,,,,,
Acne,LOW,skin rash,swelling,redness,itching,,,,
Acne,LOW,itching,redness,skin rash,swelling,,,,
Acne,LOW,itching,redness,swelling,skin rash,,,,
Acne,LOW,skin rash,redness,swelling,,,,,
Acne,LOW,itching,redness,skin rash,,,,,
Acne,LOW,skin rash,swelling,itching,,,,,
Acne,LOW,itching,skin rash,redness,,,,,
Acne,LOW,itching,skin rash,swelling,redness,,,,
Acne,LOW,swelling,skin rash,itching,redness,,,,
Acne,LOW,swelling,redness,itching,,,,,
Acne,LOW,skin rash,redness,itching,swelling,,,,
Acne,LOW,swelling,skin rash,redness,,,,,
Acne,LOW,redness,skin rash,itching,,,,,
Acne,LOW,itching,redness,swelling,skin rash,,,,
Acne,LOW,swelling,itching,skin rash,redness,,,,
Acne,LOW,itching,redness,swelling,skin rash,,,,
Acne,LOW,swelling,itching,redness,skin rash,,,,
Acne,LOW,redness,itching,skin rash,,,,,
Acne,LOW,skin rash,itching,swelling,,,,,
Acne,LOW,redness,swelling,skin rash,itching,,,,
Acne,LOW,swelling,redness,skin rash,itching,,,,
Acne,LOW,itching,redness,swelling,skin rash,,,,
Acne,LOW,redness,itching,skin rash,swelling,,,,
